date,temp_high,temp_low,humidity_mean,dewpoint_mean,pressure_mean,wind_mean,precip_total
2018-08-12,88.0,74.0,84.32566666666666,73.81333333333333,1018.3333333333334,4.421111111111111,0.66
2018-08-13,89.0,76.0,79.25857142857141,75.14285714285714,1018.5708333333333,5.23929712460064,3.2
2018-08-14,90.0,80.0,74.477,75.56666666666666,1018.0333333333333,6.907301587301588,0.0
2018-08-15,90.0,81.0,70.4856,74.28,1018.1,9.679166666666667,0.0
2018-08-16,90.0,81.0,72.78416666666666,75.375,1019.9666666666667,10.305048859934853,0.0
2018-08-17,91.0,81.0,74.1848,75.92,1021.1583333333333,11.002403846153847,0.0
2018-08-18,90.0,78.0,78.74794871794872,76.17948717948718,1019.5208333333334,7.547327044025158,1.1199999999999999
2018-08-19,89.0,76.0,83.5786842105263,75.76315789473684,1017.4499999999999,6.16656346749226,3.31
2018-08-20,90.0,79.0,77.36379310344829,76.0,1018.2541666666666,6.5436102236421725,0.0
2018-08-21,89.0,79.0,74.71666666666667,74.75,1018.9458333333333,5.66327868852459,0.0
2018-08-22,89.0,80.0,76.19444444444444,75.59444444444445,1018.0541666666667,5.864285714285714,3.3600000000000003
2018-08-23,89.0,79.0,74.84571428571428,74.76428571428572,1016.1125000000001,3.6507936507936507,0.0
2018-08-24,89.0,75.0,80.705,75.17647058823529,1015.5291666666667,5.563915857605178,6.99
2018-08-25,86.0,74.0,85.4541935483871,75.06451612903226,1017.7478260869566,7.405854430379747,2.06
2018-08-26,89.0,76.0,82.36307692307693,75.07692307692308,1019.1791666666667,7.085483870967742,0.45
2018-08-27,89.0,78.0,76.8275,75.5,1018.2041666666668,8.289739413680781,0.65
2018-08-28,88.0,76.0,83.38757575757576,75.55151515151515,1018.5833333333334,7.378864353312302,4.36
2018-08-29,88.0,77.0,79.87131578947368,74.98947368421052,1018.7916666666666,8.06173469387755,0.34
2018-08-30,85.0,78.0,81.90058823529411,75.34705882352942,1017.9083333333333,7.675078369905956,0.35
2018-08-31,88.0,78.0,81.26875,76.03125,1016.8000000000001,8.637697160883281,0.1
2018-09-01,88.0,78.0,80.78967741935485,75.83870967741936,1016.9416666666666,8.654113924050632,0.44
2018-09-02,86.0,75.0,84.2851724137931,74.34482758620689,1016.5541666666667,9.879712460063898,5.57
2018-09-03,83.0,74.0,93.73150000000001,75.005,1015.8291666666668,13.728125,17.73
2018-09-04,88.0,77.0,84.96083333333333,76.875,1016.8666666666667,9.549838187702266,0.18
2018-09-05,89.0,80.0,78.87,76.29166666666667,1016.6583333333333,8.1542071197411,0.0
2018-09-06,88.0,79.0,79.36666666666666,75.56666666666666,1015.8291666666668,7.304153354632588,0.03
2018-09-07,84.0,74.0,85.4251724137931,73.86206896551724,1015.0541666666667,6.279365079365079,1.29
2018-09-08,84.0,74.0,86.2042857142857,74.75,1013.6458333333334,4.464490445859872,2.12
2018-09-09,88.0,76.0,82.72774193548386,75.1741935483871,1013.4375,4.736590038314176,5.77
2018-09-10,86.0,78.0,84.55538461538461,75.88461538461539,1014.9541666666668,2.923538961038961,0.0
2018-09-11,89.0,79.0,77.00625000000001,75.125,1015.5333333333333,4.350328947368421,0.0
2018-09-12,91.0,80.0,78.16625,76.16666666666667,1014.4791666666666,4.253883495145631,0.0
2018-09-13,91.0,79.0,75.321875,75.69375,1014.375,4.263679245283019,0.0
2018-09-14,90.0,78.0,79.08545454545455,76.06060606060606,1014.1374999999999,5.350946372239748,0.0
2018-09-15,90.0,75.0,82.95575757575757,75.79393939393938,1012.7208333333333,3.605015673981191,15.05
2018-09-16,90.0,78.0,78.44958333333334,75.875,1012.5791666666668,5.008306188925081,0.0
2018-09-17,90.0,81.0,75.96708333333333,76.375,1014.3333333333334,8.209516129032258,0.0
2018-09-18,89.0,79.0,75.605,75.70833333333333,1014.2291666666666,7.67915309446254,0.62
2018-09-19,90.0,80.0,76.41857142857143,76.59428571428572,1014.0833333333334,6.029337539432176,0.0
2018-09-20,90.0,78.8,76.615,75.64666666666668,1016.1416666666668,4.454430379746835,0.0
2018-09-21,89.0,73.4,74.83333333333333,74.66190476190476,1016.5583333333334,7.647678018575851,4.4
2018-09-22,89.0,77.0,79.96607142857144,75.28571428571429,1015.4458333333333,6.4130293159609115,0.41000000000000003
2018-09-23,89.0,79.0,74.5525,74.70833333333333,1014.5583333333334,6.705844155844156,0.0
2018-09-24,90.0,81.0,75.6392,75.68,1015.3375,7.964677419354839,0.0
2018-09-25,90.0,78.0,82.26366666666667,77.06666666666666,1017.0875,6.356230031948882,0.32
2018-09-26,89.0,81.0,75.88458333333334,76.20833333333333,1017.75,9.125081433224755,0.0
2018-09-27,89.0,82.0,76.5068,76.72,1016.525,11.656818181818183,0.0
2018-09-28,90.0,80.0,72.99666666666667,75.25925925925925,1017.2875,10.258439490445861,0.0
2018-09-29,90.0,78.0,81.11852941176471,76.12352941176471,1017.5625,9.315723270440252,1.49
2018-09-30,89.0,82.0,71.58833333333334,74.29166666666667,1017.3375,11.78937908496732,0.0
2018-10-01,89.0,78.0,77.56964285714285,74.64999999999999,1017.525,9.211057692307692,1.48
2018-10-02,87.0,76.0,80.69466666666668,75.46666666666667,1016.7624999999999,10.09968454258675,2.3800000000000003
2018-10-03,87.0,78.0,72.64041666666667,72.5,1015.2624999999999,9.47363344051447,0.9199999999999999
2018-10-04,87.0,75.2,84.11903225806452,75.16774193548386,1014.6791666666667,9.251273885350319,5.81
2018-10-05,87.0,78.0,77.27846153846154,74.46153846153847,1015.6041666666666,10.914012738853502,0.1
2018-10-06,87.0,78.0,71.79833333333333,71.95833333333333,1016.1166666666667,11.978852459016395,0.0
2018-10-07,85.0,79.0,72.8584,72.56,1015.1291666666666,14.022580645161291,0.0
2018-10-08,86.0,77.0,77.446,74.43333333333334,1013.4833333333332,17.825,0.13
2018-10-09,85.0,81.0,83.42285714285715,77.03571428571429,1011.7166666666667,13.993492063492063,0.0
2018-10-10,89.0,82.0,86.51666666666667,79.24444444444444,1011.9958333333334,10.463535031847135,0.0
2018-10-11,88.0,80.0,85.10258064516128,77.39354838709677,1012.3625000000001,6.545016077170418,0.0
2018-10-12,89.0,77.0,85.4274193548387,76.93548387096774,1011.2291666666666,5.350946372239748,0.0
2018-10-13,89.0,77.0,83.86958333333334,75.83333333333333,1011.8708333333334,4.425645161290323,0.0
2018-10-14,87.0,78.0,85.81714285714285,76.67857142857143,1015.125,5.964469453376206,2.38
2018-10-15,88.0,79.0,79.0426923076923,75.50769230769231,1017.4708333333333,12.47250803858521,0.27
2018-10-16,88.0,80.0,78.73583333333333,75.875,1018.125,14.103420195439739,0.0
2018-10-17,87.0,78.0,81.41586206896551,76.04827586206896,1018.6166666666667,11.8458984375,0.56
2018-10-18,87.0,79.0,77.6576923076923,74.85384615384615,1019.8000000000001,10.087785016286645,0.0
2018-10-19,86.0,76.0,77.24481481481482,73.27407407407408,1019.9458333333333,10.039389067524116,0.34
2018-10-20,86.0,73.0,80.10916666666667,73.83333333333333,1017.0041666666666,3.864448051948052,0.0
2018-10-21,90.0,75.0,76.6375,72.375,1015.6125000000001,5.959771986970685,0.0
2018-10-22,83.0,77.0,74.79875,70.75,1017.7458333333334,10.028295819935693,0.14
2018-10-23,85.0,75.0,70.93875,69.08333333333333,1017.5083333333333,6.988745980707395,0.0
2018-10-24,86.0,74.0,73.93208333333332,69.91666666666667,1015.3791666666666,4.086333333333334,0.0
2018-10-25,85.0,73.0,75.92666666666666,70.375,1013.6708333333332,4.9561290322580644,0.0
2018-10-26,88.0,76.0,74.44291666666668,71.45833333333333,1011.4291666666667,6.349348534201955,0.0
2018-10-27,87.0,76.0,76.3976,71.96,1012.3208333333333,6.673026315789474,0.0
2018-10-28,81.0,67.0,65.4825,61.083333333333336,1018.2291666666666,8.057395498392284,0.0
2018-10-29,82.0,67.0,61.465833333333336,58.416666666666664,1019.0541666666667,6.642370129870129,0.0
2018-10-30,84.0,65.0,65.5225,61.916666666666664,1018.5875,5.635,0.0
2018-10-31,84.0,70.0,64.02791666666667,64.0,1019.2624999999999,8.498051948051948,0.0
2018-11-01,84.0,75.0,68.67208333333333,67.45833333333333,1016.625,10.763106796116505,0.0
2018-11-02,87.8,75.0,80.21038461538461,73.81538461538462,1014.6916666666666,8.001774193548387,0.0
2018-11-03,82.0,71.0,88.10193548387096,71.21290322580644,1017.0291666666667,6.334126984126984,0.37
2018-11-04,84.0,74.0,88.12066666666666,75.0,1018.8208333333333,8.947292993630573,15.8
2018-11-05,85.0,73.0,76.66416666666667,71.29166666666667,1017.9291666666667,9.073870967741936,0.0
2018-11-06,84.0,73.0,79.73708333333333,72.125,1016.525,6.390129449838188,0.0
2018-11-07,85.0,75.2,80.81035714285714,72.87142857142858,1016.125,6.693359375,0.0
2018-11-08,86.0,75.0,79.03538461538461,73.06923076923077,1015.4791666666666,5.863897763578275,0.0
2018-11-09,85.0,76.0,78.70884615384615,72.46153846153847,1015.6333333333333,7.076357827476039,0.0
2018-11-10,87.0,74.0,78.99583333333334,71.83333333333333,1016.4708333333333,3.9602893890675244,0.0
2018-11-11,85.0,74.0,87.09967741935485,73.46451612903226,1017.8458333333333,6.80843949044586,4.49
2018-11-12,84.0,77.0,79.43576923076922,73.14615384615385,1017.5375,10.609677419354838,0.0
2018-11-13,85.0,75.0,88.41250000000001,75.89999999999999,1017.1374999999999,8.698248407643312,1.52
2018-11-14,86.0,76.0,87.11066666666667,75.94666666666667,1017.1541666666667,6.195396825396825,0.0
2018-11-15,83.0,76.0,86.1282142857143,75.14285714285714,1014.8249999999999,7.117467948717949,1.03
2018-11-16,74.0,61.0,79.29299999999999,60.766666666666666,1016.9791666666666,7.695016077170418,0.0
2018-11-17,77.0,65.0,75.63041666666666,62.0,1018.2166666666667,7.583279220779221,0.0
2018-11-18,81.0,72.0,69.38875,65.625,1018.4916666666667,8.599198717948717,0.0
2018-11-19,83.0,72.0,76.55875,69.70833333333333,1017.8833333333333,6.360355987055016,0.0
2018-11-20,84.0,72.0,80.84769230769231,71.42307692307692,1017.65,4.487254901960784,0.0
2018-11-21,82.0,72.0,84.60875,70.91666666666667,1018.8000000000001,5.079478827361564,0.0
2018-11-22,79.0,69.0,80.96333333333332,67.29166666666667,1018.85,5.539228295819936,0.0
2018-11-23,80.0,68.0,81.2252,67.84,1016.372,6.091993464052288,0.08
2018-11-24,82.0,70.0,81.76541666666667,69.375,1012.4583333333334,6.1147249190938515,0.0
2018-11-25,84.0,71.0,85.9574074074074,71.62962962962963,1013.3833333333333,4.545063694267516,0.0
2018-11-26,85.0,68.0,85.3704,70.76,1014.6208333333334,5.361736334405145,0.0
2018-11-27,77.0,63.0,87.50870967741936,67.10967741935484,1013.6750000000001,7.069009584664537,0.0
2018-11-28,64.0,51.0,49.41291666666667,36.90416666666667,1018.0291666666667,10.252605863192183,0.0
2018-11-29,73.0,50.0,47.08541666666667,39.1625,1020.1666666666666,5.4251623376623375,0.0
2018-11-30,76.0,64.0,68.84833333333333,58.625,1019.9375,6.180322580645162,0.0
2018-12-01,82.0,72.0,74.8325,67.66666666666667,1016.725,10.796601941747573,0.0
2018-12-02,85.0,75.0,84.15125,73.375,1015.6416666666668,9.270941558441558,0.0
2018-12-03,87.0,75.0,82.9264,73.84,1015.9625,6.94202657807309,0.0
2018-12-04,84.0,74.0,87.42750000000001,73.25,1016.1125000000001,5.738834951456311,0.0
2018-12-05,77.0,64.0,72.33241379310344,60.48275862068966,1018.5458333333332,8.17373417721519,0.0
2018-12-06,75.0,54.0,56.05625,47.208333333333336,1023.8708333333334,8.503257328990228,0.0
2018-12-07,79.0,64.0,65.69583333333334,58.208333333333336,1024.8958333333333,7.1547231270358305,0.0
2018-12-08,80.0,68.0,70.31041666666667,64.20833333333333,1022.1083333333332,10.051298701298702,0.0
2018-12-09,83.0,73.0,84.98142857142857,71.89285714285714,1016.7083333333334,11.419936708860758,0.05
2018-12-10,74.0,68.0,82.84192307692307,65.03846153846153,1016.6083333333332,7.499190938511327,0.0
2018-12-11,67.0,54.0,68.83916666666666,49.125,1022.7166666666667,8.28896103896104,0.0
2018-12-12,74.0,52.0,65.0575,48.875,1023.4875000000001,7.986731391585761,0.0
2018-12-13,79.0,69.0,64.37208333333334,59.875,1020.3833333333333,9.181147540983607,0.0
2018-12-14,82.0,72.0,80.55720000000001,69.624,1017.9875000000001,10.845498392282957,0.0
2018-12-15,82.0,70.0,92.1839393939394,72.6969696969697,1017.3375,7.808463949843261,4.17
2018-12-16,77.0,69.0,81.3426923076923,65.03846153846153,1019.4583333333334,3.368387096774194,0.0
2018-12-17,71.0,59.0,76.97,57.958333333333336,1019.6458333333334,6.5055016181229774,0.0
2018-12-18,76.0,56.0,74.34666666666666,55.166666666666664,1018.7208333333333,3.7458199356913187,0.0
2018-12-19,78.0,62.0,78.52347826086957,62.30434782608695,1016.8291666666668,5.180618892508144,0.0
2018-12-20,82.0,65.0,83.55633333333334,69.05333333333333,1010.7833333333333,12.850793650793651,0.42
2018-12-21,72.0,64.0,81.34866666666667,60.833333333333336,1009.125,13.203025477707007,8.120000000000001
2018-12-22,68.0,55.0,71.04375,52.291666666666664,1018.7083333333334,4.546864686468647,0.0
2018-12-23,73.0,55.0,68.81708333333333,52.5,1023.0083333333333,4.418810289389068,0.0
2018-12-24,75.0,62.0,68.71541666666667,56.5,1022.6625,5.857928802588996,0.0
2018-12-25,75.0,63.0,71.29291666666667,58.708333333333336,1021.3083333333334,6.289871382636656,0.0
2018-12-26,76.0,71.0,71.44538461538461,63.23846153846154,1021.9,10.577100840336135,0.01
2018-12-27,80.0,73.0,74.4496,67.08,1020.775,18.142763157894734,0.0
2018-12-28,81.0,75.0,85.48133333333334,72.9,1020.3083333333334,15.293174603174604,0.08
2018-12-29,82.0,74.0,87.9572,73.84,1021.1833333333334,9.752884615384616,0.0
2018-12-30,80.0,72.0,82.19333333333333,69.875,1021.0124999999999,8.289583333333333,0.0
2018-12-31,81.0,73.0,76.7608,68.0,1020.9583333333334,11.770806451612902,0.0
2019-01-01,82.0,72.0,84.76538461538462,70.72307692307692,1020.86,9.518006430868168,0.0
2019-01-02,81.0,71.0,77.81625,68.33333333333333,1021.0416666666666,9.697096774193549,0.0
2019-01-03,82.0,75.0,84.84178571428572,72.30714285714285,1018.4125,10.450485436893203,0.0
2019-01-04,83.0,72.0,85.39269230769231,71.4,1016.6791666666667,7.751442307692307,0.0
2019-01-05,79.0,70.0,84.88909090909091,67.75757575757575,1016.4375,7.228056426332288,0.03
2019-01-06,76.0,56.0,78.35875,58.25,1019.4958333333334,5.929804560260586,0.0
2019-01-07,79.0,62.0,71.77458333333333,60.583333333333336,1021.5124999999999,5.1453225806451615,0.0
2019-01-08,81.0,61.0,72.66375,61.333333333333336,1021.4291666666667,3.5111295681063126,0.0
2019-01-09,77.0,65.0,72.59541666666667,60.833333333333336,1019.3000000000001,5.245941558441558,0.0
2019-01-10,71.0,53.0,50.66708333333333,40.74583333333333,1017.6791666666667,8.168709677419356,0.0
2019-01-11,74.0,54.0,65.40708333333333,50.333333333333336,1019.4166666666666,7.153896103896104,0.0
2019-01-12,78.0,68.0,67.88541666666667,60.875,1021.275,11.292258064516128,0.0
2019-01-13,80.0,68.0,81.99875,67.45833333333333,1020.6916666666666,5.94967845659164,0.25
2019-01-14,78.0,64.0,82.0855172413793,63.186206896551724,1020.3125,5.599361022364217,0.0
2019-01-15,69.0,57.0,72.25916666666667,54.25,1020.0583333333334,6.787254901960784,0.0
2019-01-16,72.0,53.0,70.61125,50.958333333333336,1021.3375,7.324271844660194,0.0
2019-01-17,76.0,57.0,72.89208333333333,56.125,1022.0583333333334,5.75,0.0
2019-01-18,78.0,59.0,71.8925,58.833333333333336,1020.7208333333333,3.4689144736842104,0.0
2019-01-19,77.0,60.0,76.91375000000001,61.083333333333336,1017.9541666666668,5.434677419354839,0.0
2019-01-20,73.0,63.0,84.635,64.03333333333333,1013.7041666666668,10.3573482428115,1.55
2019-01-21,70.0,46.0,71.43458333333334,47.541666666666664,1022.5666666666666,8.366343042071197,0.0
2019-01-22,76.0,60.0,63.89208333333334,56.041666666666664,1025.8875,14.206752411575563,0.0
2019-01-23,79.0,70.0,68.4353846153846,62.43076923076923,1023.125,18.938141025641023,0.0
2019-01-24,83.0,71.0,85.49766666666666,70.52666666666667,1016.2291666666666,13.438571428571427,0.91
2019-01-25,73.0,62.0,80.51068965517241,59.793103448275865,1019.1208333333334,8.119145569620253,0.22
2019-01-26,63.0,56.0,94.97631578947369,57.38947368421053,1019.5958333333333,6.58312693498452,6.33
2019-01-27,74.0,62.0,95.14,65.59375,1012.1750000000001,6.013694267515923,1.81
2019-01-28,73.0,51.0,91.17897435897436,55.282051282051285,1012.5916666666667,10.865030674846626,4.5600000000000005
2019-01-29,69.0,50.0,70.632,46.576,1016.9541666666668,5.4745954692556635,0.0
2019-01-30,71.0,55.0,70.82875,52.333333333333336,1018.6291666666666,2.944299674267101,0.0
2019-01-31,75.2,58.0,81.17714285714285,59.9,1022.1,7.431050955414013,0.04
2019-02-01,79.0,63.0,84.75923076923078,65.96153846153847,1021.3541666666666,6.024516129032258,0.0
2019-02-02,80.0,71.0,82.11807692307693,68.56923076923077,1019.5583333333334,9.163022508038585,0.0
2019-02-03,83.0,67.0,81.01,67.20833333333333,1016.3708333333334,3.5646302250803856,0.0
2019-02-04,76.0,67.0,84.0641935483871,65.35483870967742,1016.4125,5.37879746835443,0.0
2019-02-05,79.0,65.0,78.96166666666666,63.708333333333336,1018.1458333333334,4.39771986970684,0.0
2019-02-06,78.0,64.0,74.27416666666666,62.375,1020.1958333333333,5.812861736334405,0.0
2019-02-07,78.0,64.0,69.92416666666666,60.833333333333336,1020.65,7.2054098360655745,0.0
2019-02-08,80.0,66.0,73.24958333333333,63.666666666666664,1021.5666666666666,6.818387096774193,0.0
2019-02-09,78.0,68.0,80.15035714285715,65.92142857142856,1023.7208333333333,7.506230031948881,1.29
2019-02-10,80.0,71.0,71.81083333333333,65.04166666666667,1023.5833333333334,13.378456591639871,0.0
2019-02-11,77.0,72.0,83.19962962962963,69.03703703703704,1020.5416666666666,12.517731629392971,0.33
2019-02-12,81.0,73.0,86.4788888888889,71.77777777777777,1018.4291666666667,11.30096153846154,0.0
2019-02-13,75.0,62.0,95.8823076923077,67.48717948717949,1016.4375,7.264285714285714,5.640000000000001
2019-02-14,78.0,57.0,81.20392857142858,59.142857142857146,1016.7333333333332,8.957507987220447,0.11
2019-02-15,80.0,64.0,80.81192307692308,65.32307692307693,1015.125,4.736816720257235,0.0
2019-02-16,80.0,62.0,72.95125,62.583333333333336,1013.9583333333334,5.040032154340836,0.0
2019-02-17,82.0,66.0,83.77600000000001,69.32,1015.4499999999999,6.821335504885994,0.0
2019-02-18,85.0,75.0,87.456,74.648,1018.4791666666666,8.747419354838708,0.0
2019-02-19,84.0,75.0,82.5773076923077,71.99230769230769,1021.3375,11.17667731629393,0.0
2019-02-20,82.0,74.0,82.44344827586207,71.41379310344827,1019.525,15.202707006369426,3.44
2019-02-21,82.0,75.0,80.4541935483871,71.19354838709677,1019.4250000000001,11.691666666666666,0.0
2019-02-22,84.0,74.0,81.55041666666666,71.58333333333333,1020.3458333333333,9.58705501618123,0.0
2019-02-23,84.0,75.0,80.83444444444446,72.63703703703703,1020.4416666666666,12.049363057324841,0.0
2019-02-24,84.0,74.0,81.70291666666667,72.41666666666667,1019.4833333333332,7.927580645161291,0.0
2019-02-25,83.0,71.0,85.46529411764706,70.68235294117646,1021.6374999999999,6.817857142857143,0.0
2019-02-26,81.0,74.0,75.665625,68.65,1023.15,12.994267515923566,0.0
2019-02-27,83.0,70.0,83.65133333333333,70.09333333333333,1020.1,7.20031847133758,0.98
2019-02-28,82.0,68.0,77.03458333333333,66.45833333333333,1017.8333333333334,5.076375404530744,0.0
2019-03-01,81.0,68.0,75.68692307692308,66.57692307692308,1019.2666666666668,4.715,0.0
2019-03-02,85.0,67.0,75.82041666666667,67.04166666666667,1019.4499999999999,4.9907766990291265,0.0
2019-03-03,83.0,72.0,79.9325,70.5,1016.7791666666667,8.031451612903226,0.05
2019-03-04,88.0,70.0,72.50625000000001,67.25,1014.9916666666667,6.765584415584416,0.0
2019-03-05,86.0,72.0,82.98903225806451,70.06451612903226,1016.725,6.838132911392405,0.0
2019-03-06,72.0,54.0,62.308846153846154,49.684615384615384,1022.6583333333333,9.542394822006472,0.0
2019-03-07,75.0,55.0,65.86083333333333,51.125,1024.5249999999999,8.699675324675324,0.0
2019-03-08,79.0,63.0,65.74625,59.375,1021.6833333333334,8.937459807073955,0.0
2019-03-09,83.0,69.0,75.90923076923077,66.92307692307692,1018.8625000000001,11.256730769230769,0.0
2019-03-10,83.0,73.0,79.52159999999999,70.2,1020.4333333333334,12.33301282051282,0.0
2019-03-11,84.0,72.0,80.91615384615385,70.26923076923077,1021.525,8.18226837060703,0.0
2019-03-12,86.0,70.0,80.485,69.57692307692308,1020.0375,5.251294498381878,0.0
2019-03-13,81.0,74.0,72.17416666666666,66.79166666666667,1019.1750000000001,12.92275641025641,0.0
2019-03-14,81.0,73.0,69.75807692307693,65.8076923076923,1019.4583333333334,14.633012820512821,0.0
2019-03-15,80.0,75.0,76.82,68.875,1019.6,11.926729559748427,0.0
2019-03-16,82.0,71.0,74.39458333333333,67.16666666666667,1019.2208333333333,6.190123456790124,0.0
2019-03-17,84.0,70.0,81.66884615384615,68.65384615384616,1017.5458333333332,4.37443729903537,0.91
2019-03-18,79.0,68.0,83.6956,67.6,1016.475,5.1915335463258785,0.96
2019-03-19,73.0,65.0,93.71560975609756,66.59512195121951,1016.4416666666666,7.551076923076923,7.3100000000000005
2019-03-20,79.0,64.0,89.97756756756758,64.72972972972973,1015.2958333333332,7.554062500000001,0.47000000000000003
2019-03-21,78.0,63.0,77.99375,62.291666666666664,1014.8833333333333,7.165960912052117,0.03
2019-03-22,75.0,59.0,52.812083333333334,47.458333333333336,1017.625,7.620616883116884,0.0
2019-03-23,78.0,59.0,54.375,50.541666666666664,1020.8541666666666,5.879838709677419,0.0
2019-03-24,79.0,67.0,56.96083333333333,56.75,1022.3458333333333,9.548357664233576,0.0
2019-03-25,81.0,68.0,70.07653846153846,64.1923076923077,1019.3291666666668,7.030681818181818,3.78
2019-03-26,86.0,68.0,69.2912,63.903999999999996,1016.2458333333334,5.150651465798045,0.0
2019-03-27,79.0,64.0,67.27148148148147,58.48148148148148,1015.8958333333334,8.566025641025641,0.0
2019-03-28,76.0,62.0,75.2975,59.375,1019.1750000000001,10.796601941747573,0.84
2019-03-29,79.0,66.0,70.38038461538461,60.25384615384615,1019.7375000000001,7.749346405228759,0.96
2019-03-30,80.0,64.0,63.9,59.125,1017.9458333333333,6.306451612903226,0.0
2019-03-31,82.0,67.0,70.45916666666666,63.75,1016.8541666666666,7.03814935064935,0.0
2019-04-01,83.0,69.0,65.43875,63.208333333333336,1017.3375,5.842443729903537,0.0
2019-04-02,87.0,67.0,63.95083333333333,63.416666666666664,1017.7791666666667,5.959771986970685,0.0
2019-04-03,81.0,72.0,76.82607142857144,67.86428571428571,1021.5749999999999,9.347435897435897,0.0
2019-04-04,78.0,70.0,88.10758620689654,69.30689655172414,1022.9125,10.333088235294118,14.39
2019-04-05,82.0,73.0,77.10538461538462,68.91538461538461,1019.9250000000001,9.657051282051283,0.0
2019-04-06,84.0,71.0,76.37291666666665,69.33333333333333,1019.8208333333333,7.1432692307692305,0.0
2019-04-07,84.2,75.0,75.18851851851852,69.94074074074075,1020.3791666666666,11.861217948717949,0.0
2019-04-08,84.0,76.0,72.68928571428572,69.96428571428571,1018.1958333333333,13.131309904153357,0.0
2019-04-09,81.0,71.6,83.4034375,70.71875,1013.6166666666667,8.339331210191084,2.99
2019-04-10,83.0,71.0,74.96083333333333,66.33333333333333,1009.7791666666667,7.894193548387096,0.04
2019-04-11,84.0,69.0,72.00125,65.83333333333333,1011.2666666666668,5.731270358306189,0.0
2019-04-12,85.0,71.0,73.73857142857142,69.52857142857142,1014.7333333333332,8.245352564102564,0.0
2019-04-13,84.2,76.0,74.45038461538462,70.9,1015.7208333333333,11.867258064516129,0.0
2019-04-14,86.0,78.0,75.39076923076924,72.65384615384616,1014.1625,13.541157556270097,0.0
2019-04-15,87.0,76.0,74.66499999999999,72.46428571428571,1014.9666666666667,8.296166134185302,0.0
2019-04-16,82.0,70.0,57.35375,60.666666666666664,1018.9291666666667,7.165097402597402,0.0
2019-04-17,81.0,72.0,57.69708333333333,60.25,1018.6333333333333,9.04368932038835,0.0
2019-04-18,86.0,75.0,72.51700000000001,69.57333333333332,1015.8000000000001,12.686392405063291,0.06
2019-04-19,88.0,74.0,73.33076923076922,71.1923076923077,1012.9,14.312738853503184,0.96
2019-04-20,82.0,70.0,72.98297297297297,63.74594594594594,1014.4499999999999,8.392476489028212,7.3100000000000005
2019-04-21,81.0,60.0,54.38,53.04,1018.9375,4.391940789473685,0.0
2019-04-22,80.0,70.0,55.213750000000005,56.916666666666664,1020.0916666666667,7.701973684210526,0.0
2019-04-23,81.0,69.0,54.79541666666666,57.5,1018.7583333333333,7.411525974025974,0.0
2019-04-24,81.0,68.0,60.7925,60.041666666666664,1016.9541666666668,5.252903225806452,0.0
2019-04-25,84.0,70.0,69.4232,66.12,1015.6125000000001,8.205305466237942,0.0
2019-04-26,89.0,75.0,68.1925,67.625,1014.0541666666667,9.509902597402599,0.0
2019-04-27,84.0,68.0,72.28083333333333,66.95833333333333,1014.725,8.124193548387098,0.0
2019-04-28,85.0,72.0,71.46583333333334,68.04166666666667,1016.2333333333332,7.126290322580646,0.0
2019-04-29,85.0,75.0,71.69,69.82666666666667,1018.3291666666668,9.141772151898735,0.0
2019-04-30,85.0,74.0,68.71875,68.375,1020.1666666666666,13.729516129032257,1.38
2019-05-01,82.0,73.0,70.12607142857142,67.75,1019.1291666666666,15.28328025477707,0.5900000000000001
2019-05-02,84.0,74.0,80.51076923076923,71.92820512820512,1016.5958333333333,9.075000000000001,1.74
2019-05-03,87.0,77.0,77.06413793103448,72.89655172413794,1016.3916666666668,8.891373801916933,1.25
2019-05-04,88.0,76.0,75.53461538461539,73.1923076923077,1015.4,8.368006430868167,0.0
2019-05-05,90.0,72.0,74.90848484848485,71.87272727272727,1013.6916666666666,9.640348101265822,13.209999999999999
2019-05-06,89.0,72.0,80.38600000000001,70.54857142857142,1015.1913043478262,6.1717868338557995,9.02
2019-05-07,86.0,73.4,80.49903225806453,72.05806451612904,1016.704347826087,3.453697749196141,8.17
2019-05-08,88.0,77.0,70.71640000000001,70.84,1015.8416666666667,7.129260450160771,0.0
2019-05-09,88.0,79.0,69.395,71.29166666666667,1015.2583333333333,9.598220064724918,0.45
2019-05-10,88.0,75.2,74.55971428571429,71.86285714285714,1015.5375,8.38166144200627,0.3
2019-05-11,87.0,79.0,69.46884615384616,71.8076923076923,1015.1333333333333,9.376923076923077,0.0
2019-05-12,89.0,73.0,74.69206896551725,72.68275862068967,1013.775,7.813449367088608,3.11
2019-05-13,94.0,77.0,70.25,72.53529411764706,1013.3083333333334,7.0419303797468356,0.85
2019-05-14,94.0,77.0,70.2265625,73.09375,1013.6583333333333,6.2760252365930596,0.0
2019-05-15,86.0,77.0,63.58375,67.83333333333333,1014.3625000000001,4.729838709677419,0.0
2019-05-16,84.0,77.0,69.74933333333334,68.8,1015.3666666666667,8.18422712933754,0.04
2019-05-17,85.0,75.0,61.77708333333334,65.54166666666667,1015.9541666666668,8.02012987012987,0.0
2019-05-18,87.0,74.0,64.74791666666667,67.41666666666667,1015.5916666666667,8.51893203883495,0.0
2019-05-19,88.0,78.0,65.3025,69.66666666666667,1015.7166666666667,9.680707395498391,0.0
2019-05-20,85.0,77.0,69.11551724137931,69.93103448275862,1015.8249999999999,6.363333333333333,0.07
2019-05-21,89.0,78.0,63.03625,68.83333333333333,1014.3916666666668,8.330032467532467,0.0
2019-05-22,88.0,77.0,58.83166666666667,66.375,1016.7416666666667,9.501456310679611,0.0
2019-05-23,88.0,79.0,62.14423076923077,68.11538461538461,1018.9833333333332,13.42523961661342,0.07
2019-05-24,85.0,78.0,56.149166666666666,63.875,1018.3833333333333,13.133818770226537,0.0
2019-05-25,86.0,77.0,56.78217391304348,64.08695652173913,1018.2666666666668,11.795819935691318,0.0
2019-05-26,88.0,79.0,59.845200000000006,67.2,1019.0,14.188263665594857,0.0
2019-05-27,87.0,78.8,63.02384615384615,68.15384615384616,1017.4791666666666,10.184134615384615,0.0
2019-05-28,88.0,76.0,59.5326923076923,65.5,1015.4250000000001,9.632636655948554,0.0
2019-05-29,87.0,77.0,63.1784,68.152,1014.7666666666668,10.338870967741936,0.0
2019-05-30,88.0,79.0,66.98083333333334,70.75,1015.3166666666666,10.70983870967742,0.0
2019-05-31,89.6,81.0,69.42545454545454,72.9939393939394,1015.3375,10.612343749999999,0.0
2019-06-01,92.0,79.0,65.53666666666666,71.16666666666667,1013.9375,6.159385113268608,0.0
2019-06-02,92.0,79.0,66.24807692307692,71.47692307692309,1013.2875,5.508870967741935,0.0
2019-06-03,93.0,82.0,66.93724137931035,72.70344827586207,1014.4499999999999,7.009177215189874,0.0
2019-06-04,91.0,81.0,67.82517241379311,73.10344827586206,1016.3208333333333,5.568225806451612,0.39
2019-06-05,91.0,80.0,66.19,72.25,1016.3208333333333,7.473151125401929,0.0
2019-06-06,90.0,81.0,68.33500000000001,72.64285714285714,1014.3583333333332,6.757165605095541,6.3999999999999995
2019-06-07,92.0,75.0,72.4219512195122,72.44878048780488,1012.6875,6.757142857142858,21.439999999999998
2019-06-08,91.0,75.2,80.35333333333332,74.2,1013.2875,4.697641509433962,16.28
2019-06-09,88.0,77.0,78.81583333333333,74.59444444444445,1015.1416666666668,4.142857142857143,4.49
2019-06-10,89.0,75.0,80.27833333333334,72.76666666666667,1016.6291666666666,3.8107142857142855,2.59
2019-06-11,90.0,79.0,69.34423076923078,72.73076923076923,1016.5458333333332,5.049679487179487,0.0
2019-06-12,91.0,78.0,71.40242424242425,73.06060606060606,1016.1391304347826,3.675632911392405,0.41000000000000003
2019-06-13,90.0,79.0,72.16000000000001,73.02,1017.1374999999999,3.6946031746031744,0.0
2019-06-14,94.0,74.0,75.6859375,72.0,1018.1958333333333,3.78328025477707,5.63
2019-06-15,88.0,78.0,77.31939393939393,73.0909090909091,1018.1291666666666,3.1542857142857144,1.5899999999999999
2019-06-16,82.0,72.0,83.11317073170731,70.93658536585366,1017.225,4.468672839506173,17.62
2019-06-17,84.0,77.0,81.1525,73.02000000000001,1017.0416666666666,6.160971786833856,5.32
2019-06-18,89.0,75.0,77.83444444444444,71.66666666666667,1018.0541666666667,6.510658307210032,7.12
2019-06-19,91.0,75.0,75.18892857142858,73.57857142857142,1017.1583333333333,5.590483870967741,0.0
2019-06-20,92.0,81.0,71.18807692307692,75.3076923076923,1017.1041666666666,6.312140575079872,0.0
2019-06-21,95.0,81.0,67.55125,74.20833333333333,1018.625,5.4671521035598705,0.0
2019-06-22,94.0,82.0,68.0646153846154,74.65384615384616,1019.5666666666666,4.774919093851133,0.0
2019-06-23,94.0,82.0,65.38653846153846,73.96153846153847,1018.625,4.685048231511254,0.0
2019-06-24,98.0,82.0,61.147499999999994,71.78571428571429,1016.8625000000001,4.833709677419355,0.06
2019-06-25,96.0,81.0,58.2758064516129,71.96774193548387,1017.1999999999999,4.296019108280255,0.0
2019-06-26,94.0,79.0,58.10642857142857,70.38571428571429,1018.2416666666667,3.534775641025641,0.0
2019-06-27,92.0,79.0,65.32111111111111,70.81481481481481,1018.1750000000001,6.789776357827475,0.0
2019-06-28,91.0,75.0,72.61102564102563,72.77948717948718,1018.0916666666667,7.840251572327044,8.71
2019-06-29,85.0,74.0,76.36575757575758,72.36363636363636,1018.6166666666667,8.261451612903226,9.07
2019-06-30,88.0,80.0,71.92166666666667,73.58,1018.1791666666667,4.552388535031847,0.0
2019-07-01,95.0,79.0,66.61916666666667,72.33333333333333,1017.6041666666666,3.5736156351791526,0.0
2019-07-02,98.0,80.6,70.90967741935485,74.56129032258065,1016.0416666666666,5.1843648208469055,4.67
2019-07-03,93.0,78.8,72.80827586206897,75.04827586206896,1014.65,3.5704761904761906,14.19
2019-07-04,92.0,81.0,67.99541666666666,74.125,1015.3458333333333,5.868327974276527,0.0
2019-07-05,91.0,83.0,66.10384615384615,73.96153846153847,1017.6625,8.51073717948718,0.0
2019-07-06,87.0,75.0,73.765,73.03157894736842,1018.9666666666667,6.821428571428571,7.66
2019-07-07,90.0,79.0,72.248125,73.6875,1017.1208333333334,2.7621835443037974,0.45
2019-07-08,88.0,73.0,78.83285714285715,72.2,1015.0,2.7063091482649844,15.6
2019-07-09,90.0,76.0,71.32625,71.25,1015.7041666666668,4.45718954248366,0.0
2019-07-10,92.0,78.0,67.10833333333333,72.5,1016.5583333333334,6.260690789473684,0.0
2019-07-11,90.0,78.0,69.14548387096775,72.06451612903226,1016.5583333333334,6.918196202531646,1.82
2019-07-12,88.0,73.0,71.94828571428572,70.89142857142856,1016.4391304347826,7.362183544303797,1.3499999999999999
2019-07-13,92.0,82.0,68.21041666666666,74.5,1018.0,8.77475884244373,0.0
2019-07-14,93.0,84.0,64.30791666666667,73.58333333333333,1019.25,10.554032258064517,0.0
2019-07-15,91.0,83.0,63.606785714285714,72.75,1018.4958333333334,10.478184713375796,0.0
2019-07-16,91.0,82.0,65.84041666666667,73.04166666666667,1019.0749999999999,8.466828478964402,0.02
2019-07-17,92.0,82.0,62.89166666666667,72.41666666666667,1019.3208333333333,8.722077922077922,0.0
2019-07-18,91.0,84.0,63.1704,72.4,1018.6083333333332,7.597419354838709,0.0
2019-07-19,91.0,79.0,66.28384615384616,72.8076923076923,1018.2333333333332,7.419711538461538,1.7600000000000002
2019-07-20,89.6,79.0,67.7513157894737,73.01052631578948,1017.6666666666666,8.39859375,0.32
2019-07-21,91.0,80.0,66.71833333333333,72.5,1017.4375,6.517915309446254,0.0
2019-07-22,93.0,79.0,65.55538461538461,71.53846153846153,1016.2458333333334,5.798381877022654,0.0
2019-07-23,93.0,74.0,72.06588235294117,72.3529411764706,1015.2624999999999,5.367940199335548,0.0
2019-07-24,93.0,76.0,73.88290322580644,75.12903225806451,1015.2916666666666,8.02774193548387,0.0
2019-07-25,93.0,75.0,75.54055555555556,72.11111111111111,1017.1791666666667,4.712460567823344,9.91
2019-07-26,90.0,76.0,72.971,72.93333333333334,1019.3791666666666,2.307371794871795,0.8200000000000001
2019-07-27,92.0,75.0,73.65428571428572,72.18285714285715,1020.3208333333333,3.3992113564668767,15.64
2019-07-28,92.0,80.0,67.28607142857143,72.85714285714286,1019.0333333333333,2.8364217252396164,0.0
2019-07-29,92.0,80.0,62.60807692307692,71.5,1016.3000000000001,3.690353697749196,0.0
2019-07-30,92.0,74.0,70.87210526315789,72.28421052631579,1016.0416666666666,6.058359621451104,11.16
2019-07-31,91.0,80.0,70.014,74.03333333333333,1016.4458333333333,7.615555555555556,0.05
2019-08-01,86.0,77.0,76.72285714285715,73.54285714285714,1015.7958333333332,6.525078369905956,1.16
2019-08-02,90.0,76.0,76.74466666666667,72.98,1014.1791666666667,6.3431962025316455,2.6
2019-08-03,89.0,77.0,78.981875,73.63333333333334,1014.5826086956522,5.040123456790123,15.84
2019-08-04,92.0,77.0,79.10451612903225,74.24516129032257,1016.1541666666667,3.081410256410256,2.92
2019-08-05,89.0,79.0,76.67851851851853,74.07407407407408,1016.695652173913,2.1409967845659166,0.25
2019-08-06,89.0,77.0,74.95285714285714,73.53571428571429,1016.3916666666668,3.0557142857142856,8.65
2019-08-07,90.0,78.0,74.98975609756097,74.72195121951219,1016.3166666666666,3.119375,11.02
2019-08-08,92.0,76.0,75.9728125,73.48125,1016.2833333333333,2.972641509433962,22.53
2019-08-09,94.0,77.0,77.56909090909092,73.89090909090909,1015.9,2.185,10.47
2019-08-10,94.0,79.0,72.60291666666667,74.125,1015.6166666666667,3.6509708737864073,0.0
2019-08-11,92.0,78.0,74.98676470588236,74.32352941176471,1015.975,3.5525477707006368,2.56
2019-08-12,91.0,78.0,74.99151515151515,74.73333333333333,1014.8916666666668,3.5044164037854895,0.16
2019-08-13,90.0,78.0,74.28212121212121,74.73333333333333,1014.1625,3.480769230769231,5.55
2019-08-14,89.0,76.0,77.71827586206896,73.20689655172414,1015.3260869565217,3.251597444089457,10.75
2019-08-15,91.4,79.0,71.23642857142858,73.25714285714285,1016.4333333333334,4.103492063492063,2.17
2019-08-16,92.0,76.0,69.45645161290322,72.48387096774194,1018.1333333333333,4.91198738170347,1.83
2019-08-17,92.0,80.0,64.6092,71.68,1018.5,4.765865384615385,0.0
2019-08-18,93.0,81.0,67.12833333333333,74.04166666666667,1018.4666666666667,4.993225806451613,0.0
2019-08-19,90.0,77.0,66.67848484848484,71.92121212121212,1017.4791666666666,8.92877358490566,3.06
2019-08-20,88.0,80.0,70.06,72.5,1017.9958333333334,10.495145631067961,0.19
2019-08-21,90.0,81.0,62.45416666666667,70.45833333333333,1017.9958333333334,6.018527918781726,0.01
2019-08-22,90.0,77.0,71.75724137931034,72.55172413793103,1016.3583333333332,6.446969696969697,1.5
2019-08-23,87.0,81.0,74.40846153846154,74.57692307692308,1013.775,4.89951768488746,0.77
2019-08-24,88.0,79.0,79.32896551724137,75.55172413793103,1013.1875,3.9460063897763575,1.71
2019-08-25,90.0,80.0,75.54656250000001,76.03125,1013.6458333333334,4.491167192429022,1.3800000000000001
2019-08-26,92.0,80.0,76.84580645161292,75.49677419354839,1014.5124999999999,2.2189102564102563,0.26
2019-08-27,94.0,79.0,70.18703703703703,74.33333333333333,1014.9291666666667,3.286774193548387,0.0
2019-08-28,96.0,78.0,68.23961538461539,73.76923076923077,1013.7416666666667,3.438870967741935,0.0
2019-08-29,89.0,80.0,73.7088888888889,74.66666666666667,1012.25,3.1009584664536742,0.53
2019-08-30,90.0,77.0,74.77410256410256,73.6974358974359,1012.7166666666667,7.464285714285714,2.4899999999999998
2019-08-31,90.0,80.0,69.65517241379311,73.44827586206897,1013.2666666666668,11.518312101910828,4.1899999999999995
2019-09-01,92.0,77.0,75.26944444444445,74.42777777777778,1012.1458333333334,4.737421383647798,8.42
2019-09-02,88.0,79.0,78.54813953488373,75.05116279069767,1007.2458333333334,11.417857142857143,3.74
2019-09-03,92.0,80.0,72.37583333333333,73.28888888888889,1005.1,13.242857142857142,0.0
2019-09-04,94.0,80.0,66.39333333333333,73.33333333333333,1010.3249999999999,11.01774193548387,0.0
2019-09-05,92.0,82.0,69.33583333333333,74.91666666666667,1014.7666666666668,8.160576923076922,0.0
2019-09-06,95.0,80.0,65.03083333333333,73.0,1014.3333333333334,6.866720257234728,0.0
2019-09-07,92.0,81.0,64.85083333333334,73.0,1014.1666666666666,6.796463022508038,0.0
2019-09-08,91.0,81.0,66.69307692307692,73.46153846153847,1016.025,6.1817152103559865,0.0
2019-09-09,93.0,83.0,65.25041666666667,73.70833333333333,1018.2624999999999,9.621543408360129,0.06
2019-09-10,92.0,83.0,62.89333333333334,72.08333333333333,1019.3708333333334,11.854983922829582,0.0
2019-09-11,91.0,83.0,60.522083333333335,70.54166666666667,1017.5666666666666,12.181067961165049,0.0
2019-09-12,89.0,78.0,66.61354838709677,71.34193548387097,1014.0416666666666,9.642586750788643,0.62
2019-09-13,89.0,78.0,75.55666666666667,74.35555555555555,1013.1333333333333,9.45515625,7.09
2019-09-14,89.0,79.0,76.20272727272727,74.8,1013.025,6.37562893081761,0.93
2019-09-15,93.0,79.0,75.52076923076923,75.0,1013.1083333333332,5.2006369426751595,1.07
2019-09-16,94.0,80.0,67.9274074074074,73.25925925925925,1013.75,6.797124600638978,0.0
2019-09-17,93.0,80.0,68.1653125,72.75,1013.1458333333334,5.411550632911392,0.67
2019-09-18,91.0,80.0,64.37458333333333,71.08333333333333,1013.15,7.308306188925082,0.0
2019-09-19,87.0,79.0,57.04083333333333,65.79166666666667,1013.5416666666666,10.786334405144695,0.96
2019-09-20,86.0,79.0,66.82111111111111,69.48148148148148,1015.1958333333333,13.984887459807075,0.61
2019-09-21,87.0,75.0,71.60225806451614,71.16129032258064,1017.0,14.803968253968254,5.3100000000000005
2019-09-22,88.0,80.0,63.505,68.79166666666667,1016.0791666666668,14.717041800643086,0.0
2019-09-23,89.0,79.0,60.12875,67.375,1014.4583333333334,10.606796116504855,0.0
2019-09-24,87.0,76.0,58.67458333333334,65.41666666666667,1012.1916666666666,5.646794871794872,0.0
2019-09-25,88.0,73.0,59.52125,65.20833333333333,1012.3041666666667,5.967263843648209,0.0
2019-09-26,88.0,75.0,58.76624999999999,65.91666666666667,1012.5541666666667,6.644032258064517,0.0
2019-09-27,90.0,79.0,62.92250000000001,69.33333333333333,1013.75,9.756713780918728,0.0
2019-09-28,90.0,81.0,64.94916666666667,71.375,1016.1374999999999,10.553376205787782,0.0
2019-09-29,88.0,81.0,63.01,69.70833333333333,1016.8125,10.305339805825243,0.0
2019-09-30,88.0,80.0,63.059583333333336,69.625,1015.0541666666667,13.399354838709678,0.05
2019-10-01,89.0,81.0,61.970416666666665,68.66666666666667,1012.5,13.195512820512821,0.04
2019-10-02,87.0,78.0,73.03870967741935,72.52903225806452,1011.9083333333333,11.941194968553459,2.11
2019-10-03,88.0,78.0,72.08769230769231,71.96153846153847,1013.7375000000001,9.61517571884984,0.87
2019-10-04,89.0,77.0,67.49807692307692,70.73076923076923,1014.4166666666666,7.036378205128205,0.0
2019-10-05,90.0,80.0,68.9725,72.20833333333333,1013.5333333333333,9.688102893890676,0.0
2019-10-06,88.0,77.0,68.05791666666667,70.91666666666667,1013.2166666666667,10.829478827361564,0.23
2019-10-07,83.0,77.0,82.1051282051282,74.14358974358974,1010.8000000000001,4.758125,6.56
2019-10-08,85.0,77.0,82.9811111111111,73.60000000000001,1011.5958333333333,7.473174603174604,3.17
2019-10-09,90.0,77.0,78.75407407407408,73.85925925925926,1013.475,4.047402597402597,0.49
2019-10-10,90.0,77.0,78.91827586206897,72.87586206896552,1013.6791666666667,4.459935897435898,0.16
2019-10-11,88.0,75.2,78.73648648648648,72.15135135135135,1013.5666666666666,6.463793103448276,6.58
2019-10-12,85.0,77.0,71.67354838709677,70.29032258064517,1014.5333333333333,9.90880503144654,3.04
2019-10-13,88.0,78.0,67.2868,70.2,1015.6333333333333,11.558974358974359,0.09
2019-10-14,87.0,78.0,67.43041666666666,70.20833333333333,1016.6374999999999,8.727346278317151,0.0
2019-10-15,87.0,76.0,65.79083333333334,68.91666666666667,1016.7125,6.773051948051948,0.0
2019-10-16,91.0,77.0,68.4152,71.36,1014.1583333333333,6.180322580645162,0.0
2019-10-17,90.0,79.0,73.73870967741935,73.6774193548387,1012.9875000000001,5.543217665615142,0.11
2019-10-18,88.0,79.0,72.96884615384616,73.88461538461539,1012.6999999999999,4.211688311688312,0.0
2019-10-19,87.0,80.0,74.27192307692307,74.3076923076923,1011.6666666666666,9.522292993630574,1.4500000000000002
2019-10-20,91.0,81.0,71.62107142857143,74.28571428571429,1013.25,8.234294871794871,0.5299999999999999
2019-10-21,90.0,79.0,74.7362962962963,74.55555555555556,1015.25,4.684235668789809,0.24
2019-10-22,89.0,81.0,73.12583333333333,74.29166666666667,1015.8375,4.544174757281554,0.0
2019-10-23,89.0,78.0,69.78875000000001,72.5,1015.6374999999999,5.262459546925566,0.0
2019-10-24,88.0,81.0,69.03666666666666,72.39259259259259,1016.85,12.178205128205128,0.31
2019-10-25,89.0,81.0,66.2904,71.2,1016.1125000000001,16.32779552715655,0.12
2019-10-26,88.0,77.0,74.42258064516129,73.35483870967742,1014.2458333333334,10.010062893081761,0.8099999999999999
2019-10-27,88.0,78.0,74.36730769230769,74.38461538461539,1015.2041666666668,6.204140127388535,0.0
2019-10-28,89.0,80.0,70.09884615384615,73.26923076923077,1016.4083333333333,6.9805732484076435,0.0
2019-10-29,88.0,82.0,70.52814814814815,73.11111111111111,1016.975,9.773174603174605,0.04
2019-10-30,89.0,81.0,67.19724137931034,71.88275862068966,1016.8000000000001,10.905047318611988,0.0
2019-10-31,88.0,80.0,67.26307692307692,71.3076923076923,1016.4166666666666,7.961538461538462,0.0
2019-11-01,90.0,79.0,69.37115384615385,71.70769230769231,1017.0833333333334,3.461057692307692,0.0
2019-11-02,88.0,78.0,68.37708333333333,71.0,1016.2083333333334,5.573076923076923,0.02
2019-11-03,84.0,75.0,73.91740740740741,70.32592592592593,1015.5291666666667,5.538253968253968,2.1
2019-11-04,86.0,75.0,75.30346153846155,70.79230769230769,1016.7083333333334,6.823089171974522,0.55
2019-11-05,87.0,78.0,64.61791666666666,69.375,1018.1458333333334,7.759708737864078,0.0
2019-11-06,87.0,78.0,67.89519999999999,70.24,1019.3125,7.719329073482428,0.0
2019-11-07,87.0,78.0,65.23916666666666,69.66666666666667,1018.2375000000001,10.190996784565916,0.14
2019-11-08,86.0,74.0,70.3175,70.0,1014.775,3.834565916398714,0.0
2019-11-09,81.0,70.0,77.99911764705882,68.04117647058824,1014.375,7.827881619937695,0.06
2019-11-10,83.0,69.0,59.847307692307695,59.76923076923077,1017.6916666666666,8.273407643312101,0.1
2019-11-11,84.0,73.0,54.33041666666667,60.083333333333336,1017.6083333333332,8.975160256410257,0.03
2019-11-12,87.0,73.0,62.937916666666666,64.45833333333333,1014.4791666666666,3.8420454545454543,0.0
2019-11-13,84.0,73.0,72.23296296296296,66.14074074074074,1014.7041666666668,6.717735849056604,2.64
2019-11-14,82.0,74.0,81.69090909090909,69.78636363636363,1016.85,7.614393939393939,4.39
2019-11-15,84.0,73.0,77.47827586206895,69.89655172413794,1014.6333333333333,4.023186119873817,0.81
2019-11-16,77.0,67.0,71.82515151515152,61.27272727272727,1011.7416666666667,8.494236760124611,0.0
2019-11-17,68.0,58.0,73.9026923076923,52.96153846153846,1011.9333333333334,8.097916666666666,0.0
2019-11-18,75.0,58.0,71.5292857142857,53.92857142857143,1011.5124999999999,6.2049050632911396,0.0
2019-11-19,82.0,62.0,64.31541666666666,57.666666666666664,1013.025,3.490675241157556,0.0
2019-11-20,78.0,62.0,47.274166666666666,47.416666666666664,1018.3416666666667,6.581596091205212,0.0
2019-11-21,79.0,64.0,50.905833333333334,51.166666666666664,1020.1666666666666,6.398717948717948,0.0
2019-11-22,80.0,68.0,56.52458333333333,57.75,1018.7708333333334,4.889354838709678,0.0
2019-11-23,82.0,66.0,64.26416666666667,60.708333333333336,1016.6541666666667,4.5963141025641026,0.0
2019-11-24,82.0,70.0,71.5473076923077,65.6923076923077,1013.1833333333334,5.702388535031847,1.91
2019-11-25,76.0,59.0,67.10708333333334,57.1,1013.2708333333334,5.20546357615894,0.0
2019-11-26,79.0,63.0,57.41583333333333,54.416666666666664,1015.9791666666666,3.910737179487179,0.0
2019-11-27,84.0,66.0,66.3576,61.8,1019.4291666666667,2.8152597402597404,0.0
2019-11-28,84.0,67.0,72.79888888888888,64.16296296296296,1020.9583333333334,3.9371019108280256,0.0
2019-11-29,82.0,67.0,65.4775,61.791666666666664,1019.1083333333332,6.214423076923077,0.0
2019-11-30,81.0,67.0,64.73625,60.583333333333336,1017.225,3.77378640776699,0.0
2019-12-01,85.0,68.0,65.21916666666667,62.791666666666664,1015.6,5.646794871794872,0.0
2019-12-02,84.0,70.0,69.76071428571429,64.56428571428572,1013.2916666666666,9.225474683544304,1.78
2019-12-03,69.0,53.0,56.79208333333333,45.208333333333336,1015.1875,7.780064308681672,0.0
2019-12-04,76.0,55.0,62.257083333333334,50.958333333333336,1014.7541666666666,3.1606451612903226,0.0
2019-12-05,72.0,59.0,54.3125,48.125,1018.0500000000001,3.8937299035369777,0.0
2019-12-06,78.0,61.0,54.07041666666667,50.5,1020.7666666666668,4.321774193548387,0.0
2019-12-07,80.0,61.0,61.762499999999996,56.083333333333336,1020.3874999999999,2.8657556270096465,0.0
2019-12-08,81.0,66.0,63.03708333333333,59.75,1020.1999999999999,5.860576923076923,0.0
2019-12-09,83.0,67.0,66.45153846153846,63.26923076923077,1019.4499999999999,7.555573248407643,0.0
2019-12-10,84.0,75.0,76.47692307692307,70.5,1019.2083333333334,9.65191693290735,0.1
2019-12-11,84.2,75.0,77.46586206896552,70.84137931034483,1020.5708333333333,6.805079365079365,0.76
2019-12-12,81.0,71.6,81.64818181818181,68.67878787878789,1021.2875,6.835109717868339,7.32
2019-12-13,82.0,74.0,70.15458333333333,66.58333333333333,1015.7708333333334,7.241290322580646,0.05
2019-12-14,86.0,70.0,70.38583333333334,66.04166666666667,1011.3583333333332,7.942765273311896,0.0
2019-12-15,81.0,62.0,64.15083333333332,58.666666666666664,1017.9083333333333,6.522829581993569,0.0
2019-12-16,83.0,72.0,69.26296296296296,66.92592592592592,1019.9208333333332,11.737666666666668,0.0
2019-12-17,84.0,77.0,75.48148148148148,71.11111111111111,1016.0541666666667,12.293610223642172,0.03
2019-12-18,78.8,69.0,80.4479411764706,69.45882352941176,1013.0375,5.378683385579937,0.31000000000000005
2019-12-19,71.0,61.0,79.81371428571428,58.611428571428576,1018.35,9.723374613003097,1.67
2019-12-20,78.0,68.0,73.03828571428572,62.508571428571436,1021.2208333333333,13.223208722741433,0.14
2019-12-21,78.0,72.0,71.79482758620689,64.96551724137932,1021.1875,15.780757097791797,3.98
2019-12-22,77.0,75.0,66.42708333333333,63.708333333333336,1018.2791666666667,15.720352564102564,0.0
2019-12-23,77.0,70.0,81.97116279069768,66.76744186046511,1011.4708333333333,7.379456193353474,22.54
2019-12-24,75.0,61.0,65.69076923076923,55.47692307692308,1009.3333333333334,8.546006389776359,0.0
2019-12-25,80.0,62.0,74.06103448275861,60.5103448275862,1012.0124999999999,7.763406940063091,0.0
2019-12-26,81.0,71.0,75.56518518518519,67.11111111111111,1014.9791666666666,8.747301587301587,0.36
2019-12-27,81.0,74.0,73.21451612903226,67.96774193548387,1017.2875,13.181603773584905,0.51
2019-12-28,81.0,74.0,80.24151515151515,70.0848484848485,1017.2041666666668,13.268670886075949,4.4
2019-12-29,80.0,74.0,80.75344827586207,70.23448275862069,1016.6374999999999,12.548422712933753,5.82
2019-12-30,80.0,75.0,75.99428571428572,69.07142857142857,1015.0791666666668,8.534018987341772,0.03
2019-12-31,81.0,69.0,83.92105263157895,67.57368421052632,1016.1333333333333,3.517857142857143,0.0
2020-01-01,81.0,62.0,53.92359999999999,52.0,1017.5239999999999,3.409455128205128,0.0
2020-01-02,80.0,64.0,66.45291666666667,60.625,1017.8083333333334,5.912700964630225,0.0
2020-01-03,83.0,75.0,76.09208333333333,69.54166666666667,1018.0541666666667,9.767628205128204,0.0
2020-01-04,87.0,73.0,73.26962962962963,69.47407407407407,1018.475,9.24028662420382,0.52
2020-01-05,73.0,58.0,58.4808,50.72,1022.7333333333332,9.824600638977635,0.0
2020-01-06,74.0,56.0,56.65541666666667,47.75,1022.9166666666666,6.997077922077922,0.0
2020-01-07,79.0,62.0,51.02333333333333,50.458333333333336,1021.3583333333332,4.235275080906149,0.0
2020-01-08,78.0,61.0,54.775416666666665,51.291666666666664,1024.8916666666667,6.082797427652733,0.0
2020-01-09,79.0,71.0,51.75875,55.5,1026.9624999999999,16.129487179487178,0.0
2020-01-10,80.0,75.0,64.69192307692308,64.07692307692308,1025.7291666666667,20.90875796178344,0.0
2020-01-11,83.0,75.0,73.56925925925925,68.85185185185185,1023.4583333333334,18.901751592356685,0.04
2020-01-12,81.0,76.0,74.914,69.56,1024.3125,12.591214057507988,0.0
2020-01-13,82.0,74.0,70.02615384615385,66.68461538461538,1025.4666666666667,13.715764331210192,0.0
2020-01-14,82.0,75.0,71.67848484848484,67.50909090909092,1024.5791666666667,12.725233644859813,0.16
2020-01-15,81.0,69.0,62.0825,61.083333333333336,1023.0541666666667,8.145833333333334,0.0
2020-01-16,81.0,65.0,64.52458333333333,60.541666666666664,1023.6666666666666,4.674918566775244,0.0
2020-01-17,81.0,69.0,71.06266666666667,64.47333333333333,1024.0083333333334,7.503930817610063,0.95
2020-01-18,79.0,71.0,53.89458333333334,56.791666666666664,1025.1833333333334,17.847115384615385,0.0
2020-01-19,81.0,68.0,62.95916666666667,60.833333333333336,1020.8291666666668,7.979967948717949,0.0
2020-01-20,76.0,68.0,70.42892857142857,62.285714285714285,1018.4499999999999,5.622222222222222,0.0
2020-01-21,67.0,55.0,59.39666666666667,46.083333333333336,1019.25,9.575961538461538,0.0
2020-01-22,62.0,40.0,54.07708333333333,34.80833333333333,1018.4375,12.20400641025641,0.0
2020-01-23,76.0,57.0,81.1369696969697,56.17575757575757,1016.6625,6.8065625,0.7000000000000001
2020-01-24,79.0,64.0,77.82678571428572,62.357142857142854,1016.5375,4.383226837060703,1.79
2020-01-25,78.0,67.0,68.30730769230769,61.215384615384615,1017.6708333333332,3.63312101910828,0.0
2020-01-26,75.0,55.0,47.32833333333334,43.458333333333336,1018.1999999999999,5.241346153846154,0.0
2020-01-27,76.0,62.0,53.18875,50.083333333333336,1014.8708333333334,4.231410256410257,0.0
2020-01-28,79.0,65.0,69.79535714285714,59.878571428571426,1012.6958333333333,3.1383870967741934,0.0
2020-01-29,81.0,62.0,67.29961538461538,58.53846153846154,1013.3666666666667,5.399839743589744,0.0
2020-01-30,76.0,68.0,72.67916666666666,61.28888888888889,1012.6999999999999,5.852222222222222,9.74
2020-01-31,79.0,63.0,65.60916666666667,59.041666666666664,1015.9499999999999,5.163942307692308,0.0
2020-02-01,76.0,65.0,82.80459459459459,65.19459459459459,1015.0166666666668,6.442857142857142,13.67
2020-02-02,69.0,55.0,64.2008,49.76,1019.3439999999999,8.777476038338659,0.0
2020-02-03,75.0,51.0,56.82875000000001,45.791666666666664,1021.7291666666666,3.214102564102564,0.0
2020-02-04,78.0,60.0,64.54333333333334,56.416666666666664,1021.1458333333334,5.208603896103896,0.0
2020-02-05,80.0,64.0,69.7475,62.291666666666664,1018.2083333333334,6.811538461538461,0.0
2020-02-06,84.0,75.0,74.97192307692308,68.96153846153847,1012.7958333333332,11.896805111821086,0.0
2020-02-07,78.0,64.0,83.66999999999999,65.85882352941177,1012.9791666666666,9.551090342679128,2.67
2020-02-08,75.0,59.0,61.81583333333333,52.458333333333336,1021.8416666666667,7.27717041800643,0.0
2020-02-09,78.0,71.0,57.09375,58.166666666666664,1025.0416666666667,11.29727564102564,0.0
2020-02-10,82.0,74.0,66.02961538461538,64.88461538461539,1023.4208333333332,15.62388535031847,0.0
2020-02-11,84.0,75.0,72.67933333333333,68.62666666666668,1020.8458333333333,11.313809523809523,0.0
2020-02-12,84.0,75.0,73.44275862068966,69.51724137931035,1019.4541666666668,9.385601265822784,0.0
2020-02-13,85.0,77.0,70.16038461538461,69.07692307692308,1018.3083333333334,11.228253424657535,0.0
2020-02-14,87.0,73.0,73.36458333333333,68.5,1019.5958333333333,5.269292604501608,0.12
2020-02-15,82.0,70.0,78.63,66.85945945945946,1021.3666666666667,6.6479938271604935,3.6100000000000003
2020-02-16,82.0,72.0,76.4090909090909,67.51515151515152,1019.4250000000001,10.7740625,2.79
2020-02-17,84.0,69.0,70.46249999999999,65.83333333333333,1017.9499999999999,4.437820512820513,0.0
2020-02-18,84.0,74.0,69.362,67.6,1020.0958333333333,10.471246006389777,0.0
2020-02-19,84.0,75.0,70.56807692307692,68.76153846153846,1020.65,8.678274760383387,0.0
2020-02-20,85.0,75.0,70.0775,68.5,1018.9541666666668,7.729326923076924,0.0
2020-02-21,80.0,66.0,77.2863888888889,65.67222222222222,1017.5291666666667,8.035802469135803,0.12
2020-02-22,76.0,59.0,66.2248148148148,52.7037037037037,1020.8416666666667,12.193650793650793,0.18
2020-02-23,77.0,64.0,60.51583333333334,54.666666666666664,1021.6833333333334,9.045192307692307,0.1
2020-02-24,79.0,69.0,50.701249999999995,53.833333333333336,1018.8791666666666,10.17676282051282,0.0
2020-02-25,83.0,72.0,66.0072,64.44800000000001,1015.3166666666666,8.917092651757189,0.0
2020-02-26,86.0,75.0,74.6575,70.55,1014.5541666666667,9.662183544303797,1.21
2020-02-27,75.0,63.0,63.80172413793103,54.351724137931036,1017.9208333333332,9.305537974683546,1.42
2020-02-28,68.0,52.0,48.193333333333335,39.291666666666664,1023.1708333333332,8.735576923076923,0.0
2020-02-29,71.0,53.0,49.82208333333333,42.166666666666664,1024.4416666666666,6.596784565916399,0.0
2020-03-01,74.0,55.0,41.245,39.65833333333333,1024.8041666666666,7.567147435897435,0.0
2020-03-02,78.0,67.0,49.35375,51.75,1021.9625,12.697916666666666,0.0
2020-03-03,81.0,70.0,65.60148148148149,63.03703703703704,1017.9333333333334,9.670287539936103,0.0
2020-03-04,85.0,71.0,72.31346153846154,67.73076923076923,1016.975,7.8705414012738855,0.0
2020-03-05,89.0,76.0,70.08375,69.5,1017.3041666666667,8.135048231511254,0.0
2020-03-06,84.0,75.0,74.459375,68.8875,1017.2541666666666,7.667868338557994,0.65
2020-03-07,74.0,60.0,48.19416666666667,47.833333333333336,1021.8249999999999,10.442147435897436,0.0
2020-03-08,74.0,68.0,44.734583333333326,47.541666666666664,1027.1958333333334,15.123237179487178,0.0
2020-03-09,78.0,70.0,47.956250000000004,52.166666666666664,1028.6499999999999,18.6875,0.0
2020-03-10,81.0,71.0,56.274166666666666,58.208333333333336,1026.1333333333334,15.483928571428573,0.0
2020-03-11,81.0,70.0,63.88625,61.083333333333336,1021.5,8.92724358974359,0.0
2020-03-12,83.0,69.0,61.54,60.416666666666664,1017.8791666666666,7.123300970873786,0.0
2020-03-13,83.0,67.0,60.510799999999996,60.952,1019.5625,7.5870607028754,0.0
2020-03-14,84.0,73.0,66.39583333333333,65.70833333333333,1022.5666666666666,10.26522435897436,0.0
2020-03-15,83.0,73.0,65.14083333333333,64.83333333333333,1022.8458333333333,8.728341013824885,0.0
2020-03-16,83.0,69.0,62.13166666666666,62.5,1022.2166666666667,11.602475247524751,0.0
2020-03-17,83.0,73.0,64.51964285714286,64.53571428571429,1022.225,9.964240506329114,0.0
2020-03-18,82.0,72.0,61.74208333333333,62.708333333333336,1023.2458333333334,10.72717041800643,0.0
2020-03-19,83.0,75.0,66.14708333333333,65.875,1024.4166666666667,13.494070512820512,0.0
2020-03-20,83.0,75.0,65.6025,65.875,1024.9166666666667,13.48301282051282,0.0
2020-03-21,84.0,75.0,65.985,66.11538461538461,1023.6916666666666,10.686942675159235,0.0
2020-03-22,84.0,71.0,65.15124999999999,64.58333333333333,1022.5333333333333,8.734083601286175,0.0
2020-03-23,83.0,73.0,65.25375,65.08333333333333,1022.6583333333333,8.941157556270095,0.11
2020-03-24,85.0,74.0,66.8625,66.04166666666667,1020.3208333333333,7.290705128205127,0.0
2020-03-25,89.0,72.0,65.77708333333334,65.5,1016.3041666666667,5.40275974025974,0.0
2020-03-26,89.0,72.0,72.67961538461539,67.53846153846153,1015.4625,6.718225806451613,0.0
2020-03-27,86.0,72.0,69.66541666666667,67.58333333333333,1016.5083333333333,4.522096774193548,0.0
2020-03-28,83.0,71.0,66.29041666666667,65.04166666666667,1018.1083333333332,10.23573717948718,0.0
2020-03-29,85.0,75.0,70.83538461538461,68.61538461538461,1019.7375000000001,9.053503184713376,0.0
2020-03-30,87.0,75.0,72.32192307692307,69.86923076923077,1019.4333333333334,7.687620578778135,0.0
2020-03-31,91.0,74.0,70.3196,68.904,1013.5833333333334,6.848397435897435,0.0
2020-04-01,87.0,73.0,70.85928571428572,66.64285714285714,1009.2208333333333,9.196325878594248,0.36
2020-04-02,81.0,67.0,60.64166666666666,59.25,1013.6083333333332,6.059902597402598,0.0
2020-04-03,82.0,71.0,55.9284,58.84,1014.632,6.403767123287672,0.0
2020-04-04,84.0,73.0,60.562083333333334,62.083333333333336,1014.2416666666667,4.810096153846154,0.0
2020-04-05,82.0,73.0,64.90333333333334,64.91666666666667,1014.5124999999999,5.116025641025641,0.0
2020-04-06,86.0,74.0,77.29948717948719,70.41538461538461,1015.5625,5.932874617737003,0.0
2020-04-07,86.0,76.0,70.53235294117647,69.91764705882352,1017.3125,10.860714285714286,0.0
2020-04-08,90.0,76.0,71.61807692307693,70.86923076923077,1014.9666666666667,5.971864951768489,0.0
2020-04-09,94.0,75.0,71.78757575757577,69.68484848484849,1012.4125,8.45503144654088,0.0
2020-04-10,94.0,76.0,70.10206896551725,71.42758620689655,1010.8375,9.054430379746835,0.0
2020-04-11,85.0,76.0,77.00750000000001,72.425,1014.3260869565217,9.404843750000001,4.08
2020-04-12,87.0,75.0,82.44714285714285,74.83571428571429,1017.0,13.460476190476191,2.49
2020-04-13,88.0,81.0,74.77133333333333,74.60666666666665,1017.5583333333334,13.076729559748426,0.0
2020-04-14,90.0,79.0,73.47307692307692,73.82307692307693,1017.6333333333333,8.744408945686901,0.0
2020-04-15,92.0,80.0,70.17,73.66666666666667,1014.9166666666666,8.945673076923077,0.0
2020-04-16,90.0,78.0,72.3064,73.12,1016.0708333333333,5.454180064308682,0.0
2020-04-17,87.0,78.0,74.00193548387097,72.78709677419356,1018.9625,11.063793103448276,0.0
2020-04-18,92.0,77.0,76.04555555555555,73.56296296296297,1017.2791666666667,5.731629392971246,0.0
2020-04-19,90.0,76.0,73.54291666666667,72.83333333333333,1015.3333333333334,6.341639871382637,0.0
2020-04-20,96.0,81.0,63.30583333333333,70.70833333333333,1011.3000000000001,11.975480769230769,0.0
2020-04-21,93.0,80.0,67.64291666666666,72.08333333333333,1012.6,7.817041800643087,0.0
2020-04-22,89.0,70.0,50.03958333333333,58.125,1015.8666666666667,6.704019292604501,0.0
2020-04-23,88.0,79.0,60.74583333333334,67.875,1015.4875000000001,13.464583333333334,0.0
2020-04-24,95.0,80.0,70.05433333333333,73.68666666666667,1012.9875000000001,12.289715189873418,0.0
2020-04-25,92.0,77.0,68.18225806451613,71.87096774193549,1014.4166666666666,9.836477987421384,0.2
2020-04-26,87.0,68.0,79.15656249999999,70.9375,1016.8000000000001,5.22562893081761,13.700000000000001
2020-04-27,87.0,72.0,62.712799999999994,61.92,1018.35,5.742604501607717,0.0
2020-04-28,83.0,70.0,55.61666666666667,59.166666666666664,1020.0208333333334,8.519614147909968,0.0
2020-04-29,86.0,75.0,60.754583333333336,65.04166666666667,1017.225,12.071314102564102,0.0
2020-04-30,87.0,71.0,76.03645161290324,70.3483870967742,1014.091304347826,8.104416403785489,11.700000000000001
2020-05-01,83.0,64.0,62.34461538461539,59.45384615384615,1016.0291666666667,6.259446254071661,1.53
2020-05-02,83.0,69.0,59.64833333333333,60.416666666666664,1019.3458333333333,5.775801282051282,0.0
2020-05-03,83.0,70.0,57.69833333333333,61.041666666666664,1018.9916666666667,6.289413680781759,0.0
2020-05-04,86.0,70.0,62.932500000000005,64.33333333333333,1016.2083333333334,5.846141479099678,0.0
2020-05-05,87.0,73.0,67.39333333333333,67.55555555555556,1015.0434782608696,5.043729903536978,0.0
2020-05-06,91.0,74.0,64.38,66.91666666666667,1014.1333333333333,6.15176282051282,0.0
2020-05-07,86.0,71.0,59.22115384615385,59.65384615384615,1015.1750000000001,8.266773162939296,0.0
2020-05-08,83.0,68.0,57.165416666666665,59.458333333333336,1017.5791666666668,8.245352564102564,0.0
2020-05-09,86.0,70.0,63.120000000000005,64.16666666666667,1017.0416666666666,5.601612903225806,0.0
2020-05-10,80.0,71.0,74.07296296296296,66.85185185185185,1017.7875,7.531587301587301,1.02
2020-05-11,84.0,72.0,79.08,68.48387096774194,1016.1875,7.48578125,0.74
2020-05-12,85.0,73.0,61.35999999999999,63.75,1018.8000000000001,11.087179487179487,0.0
2020-05-13,83.0,76.0,59.81,63.375,1019.9375,15.01326860841424,0.0
2020-05-14,80.0,75.0,71.15766666666667,67.24,1018.8208333333333,16.14003164556962,0.0
2020-05-15,81.0,71.6,90.32169811320755,71.96603773584906,1014.1291666666666,10.991150442477876,13.1
2020-05-16,89.0,71.0,86.27512820512821,71.46153846153847,1010.9166666666666,8.117230769230769,1.37
2020-05-17,89.0,73.0,79.48406250000001,71.64375,1013.3125,6.58801261829653,1.6
2020-05-18,86.0,72.0,85.12,73.02631578947368,1014.5416666666666,4.210714285714285,1.4
2020-05-19,87.0,70.0,85.37414634146342,72.83414634146341,1013.1750000000001,6.857668711656442,15.95
2020-05-20,92.0,75.0,77.08555555555556,73.62777777777778,1013.4291666666667,5.51640625,0.0
2020-05-21,91.0,77.0,74.82638888888889,73.90555555555555,1015.6583333333333,6.209287925696594,0.0
2020-05-22,87.0,73.0,77.481,73.13333333333334,1017.4041666666667,9.334651898734178,1.44
2020-05-23,86.0,80.0,73.89730769230769,72.84615384615384,1017.0291666666667,12.67563694267516,0.86
2020-05-24,79.0,73.0,92.8478431372549,73.86274509803921,1015.0416666666666,10.486904761904762,27.61
2020-05-25,78.8,73.0,94.63152542372882,73.99661016949153,1011.7958333333332,12.55445103857567,30.240000000000002
2020-05-26,86.0,71.0,90.77431372549019,74.06274509803922,1011.8478260869565,7.049395770392749,58.19
2020-05-27,86.0,73.0,80.60151515151514,73.81818181818181,1014.5041666666666,6.947160883280757,0.19
2020-05-28,86.0,79.0,81.2183870967742,76.07096774193548,1017.1291666666666,7.731761006289307,0.0
2020-05-29,87.0,79.0,74.00692307692307,73.61538461538461,1017.2458333333334,11.115445859872612,0.0
2020-05-30,88.0,79.0,70.80346153846155,72.5,1016.5416666666666,10.181528662420382,0.0
2020-05-31,89.0,79.0,70.7275,72.41666666666667,1016.1958333333333,6.951602564102564,0.0
2020-06-01,90.0,79.0,71.39458333333333,73.04166666666667,1017.0500000000001,6.391346153846153,0.0
2020-06-02,87.0,78.0,74.5473076923077,73.38461538461539,1017.8291666666668,11.10079617834395,1.9300000000000002
2020-06-03,87.0,75.0,85.86690909090909,74.17818181818183,1016.3791666666666,6.489285714285715,18.1
2020-06-04,84.0,71.0,89.42547619047619,73.3047619047619,1015.35,4.865653495440729,12.58
2020-06-05,86.0,79.0,84.02928571428572,77.27857142857144,1016.0791666666668,8.977301587301588,0.0
2020-06-06,88.0,82.0,80.90892857142858,77.39285714285714,1015.3375,12.024050632911392,0.0
2020-06-07,90.0,83.0,79.63038461538461,77.6923076923077,1014.65,10.566773162939297,0.0
2020-06-08,88.0,80.6,82.73620689655172,77.35172413793103,1015.2708333333334,6.004746835443038,0.99
2020-06-09,90.0,80.0,77.25291666666666,76.25,1015.0333333333333,7.113782051282051,0.0
2020-06-10,91.0,81.0,69.95083333333334,74.08333333333333,1016.0875,6.715112540192926,0.0
2020-06-11,87.0,78.0,75.99891891891892,73.27567567567567,1017.3958333333334,7.082142857142856,1.47
2020-06-12,87.0,80.0,65.61166666666666,69.625,1016.4416666666666,9.623878205128205,0.02
2020-06-13,88.0,79.0,69.0008,71.76,1013.9958333333334,9.971565495207667,0.12
2020-06-14,91.0,77.0,73.29321428571428,73.5,1015.1958333333333,7.660601265822785,1.16
2020-06-15,88.0,74.0,80.15085714285715,72.96571428571428,1016.1958333333333,3.9214285714285717,4.66
2020-06-16,88.0,73.0,75.63875,70.25,1017.0500000000001,6.137019230769231,0.02
2020-06-17,84.0,75.0,76.47206896551724,71.0758620689655,1017.5166666666668,8.17452229299363,2.63
2020-06-18,89.0,73.0,83.95952380952382,73.38571428571429,1016.7458333333334,5.393711656441718,9.1
2020-06-19,89.0,74.0,80.11258064516129,75.48387096774194,1016.7695652173913,6.813479623824452,4.71
2020-06-20,91.0,75.0,76.77535714285715,74.89285714285714,1017.1833333333334,4.727777777777778,1.73
2020-06-21,90.0,81.0,74.56769230769231,75.61538461538461,1017.6416666666668,3.0825878594249203,0.12
2020-06-22,92.0,81.0,72.71692307692307,75.8923076923077,1018.4416666666666,5.503044871794872,0.0
2020-06-23,93.0,81.0,71.70666666666666,76.25,1017.4,5.035436893203884,0.0
2020-06-24,94.0,83.0,68.00333333333333,75.54166666666667,1016.9166666666666,5.057051282051282,0.0
2020-06-25,93.0,84.0,67.23708333333333,75.79166666666667,1018.6166666666667,8.81294498381877,0.0
2020-06-26,93.0,85.0,66.1575,75.25,1020.7458333333334,11.621634615384615,0.0
2020-06-27,93.0,83.0,66.42541666666666,74.83333333333333,1019.2958333333332,9.786057692307692,0.0
2020-06-28,94.0,84.0,66.28125,74.70833333333333,1017.5791666666668,8.562339743589742,0.0
2020-06-29,94.0,84.0,65.24499999999999,75.03846153846153,1017.0458333333332,6.068006430868167,0.0
2020-06-30,97.0,81.0,63.166000000000004,73.24,1016.0916666666667,4.559193548387096,0.0
2020-07-01,96.0,79.0,61.362307692307695,73.05128205128206,1015.4375,6.126168224299065,0.08
2020-07-02,94.0,77.0,74.08933333333333,73.46666666666667,1015.3874999999999,4.269329073482428,12.33
2020-07-03,94.0,82.0,66.18629629629629,73.47407407407407,1014.5708333333333,3.7796178343949043,1.59
2020-07-04,94.0,83.0,64.34827586206896,74.37931034482759,1014.0916666666667,5.000316455696202,0.0
2020-07-05,93.0,79.0,65.4225,73.63125,1015.0041666666666,4.545238095238095,0.0
2020-07-06,91.0,77.0,76.48162162162163,74.37837837837837,1017.3125,3.446417445482866,3.04
2020-07-07,92.0,81.0,71.39037037037036,75.44444444444444,1017.9958333333334,2.9340304182509507,0.0
2020-07-08,95.0,81.0,68.66645161290322,74.98064516129033,1015.9208333333332,3.4829617834394906,0.0
2020-07-09,98.0,80.0,70.82833333333333,74.30666666666666,1014.1750000000001,4.610952380952381,3.3400000000000003
2020-07-10,96.0,79.0,70.1475,75.32142857142857,1015.2583333333333,6.1110032362459545,4.0600000000000005
2020-07-11,90.0,78.0,80.9871875,75.69375,1014.9083333333333,4.87468152866242,9.78
2020-07-12,90.0,79.0,75.2096,74.48,1014.3874999999999,6.5019230769230765,0.0
2020-07-13,94.0,81.0,68.87962962962963,74.0,1015.2333333333332,6.253354632587859,0.19
2020-07-14,96.0,81.0,69.3437037037037,74.96296296296296,1016.7624999999999,3.951282051282051,0.6
2020-07-15,93.0,82.0,67.13909090909091,74.54545454545455,1017.5166666666668,2.934858044164038,0.0
2020-07-16,93.0,80.0,71.22333333333333,73.78518518518518,1017.5708333333333,6.522770700636943,0.4
2020-07-17,92.0,78.0,72.93666666666667,74.41428571428571,1017.6,8.004141104294478,5.72
2020-07-18,85.0,74.0,87.06243902439024,74.0780487804878,1017.2624999999999,7.2174846625766875,17.17
2020-07-19,92.0,82.0,70.63625,75.375,1015.9125,9.023076923076923,0.19
2020-07-20,92.0,80.0,70.63333333333334,74.5,1015.5375,11.160897435897436,0.04
2020-07-21,89.0,76.0,76.22447368421054,73.19473684210527,1016.2125,10.234228187919463,1.69
2020-07-22,87.0,76.0,83.12428571428572,74.14285714285714,1016.7791666666667,5.515165165165165,16.39
2020-07-23,88.0,78.0,79.66535714285715,75.77857142857144,1017.4304347826088,8.641428571428571,4.76
2020-07-24,91.0,77.0,74.64413793103448,74.27586206896552,1017.8291666666668,9.101740506329115,0.29
2020-07-25,90.0,78.0,75.9971875,74.725,1017.0458333333332,9.553291536050157,4.54
2020-07-26,92.0,77.0,74.8039393939394,74.04848484848485,1018.4458333333333,7.294182389937108,5.25
2020-07-27,92.0,81.0,70.88041666666668,74.91666666666667,1019.1458333333334,5.690645161290322,0.0
2020-07-28,92.0,83.0,68.9404,75.24,1018.6791666666667,7.565015974440894,0.0
2020-07-29,93.0,83.0,66.18583333333333,74.5,1018.8041666666667,8.053697749196141,0.0
2020-07-30,93.0,84.0,64.34958333333334,74.04166666666667,1017.7666666666668,9.359516129032258,0.0
2020-07-31,94.0,85.0,63.56666666666667,74.25,1015.85,11.452083333333334,0.0
2020-08-01,90.0,78.0,74.6653125,73.90625,1012.8874999999999,9.47671875,4.87
2020-08-02,85.0,79.0,87.6408108108108,77.54054054054055,1008.6374999999999,9.654320987654321,10.93
2020-08-03,89.0,78.0,86.16175,77.765,1012.7608695652174,4.526146788990825,3.72
2020-08-04,86.0,79.0,84.9483870967742,77.3225806451613,1014.7608695652174,4.146742671009772,0.48000000000000004
2020-08-05,87.0,73.0,84.32483870967742,76.38709677419355,1015.9541666666668,5.097492163009404,1.27
2020-08-06,92.0,71.0,82.03666666666666,73.82222222222222,1016.6,4.028662420382165,2.57
2020-08-07,93.0,79.0,72.03346153846154,74.92307692307692,1017.9333333333334,4.471815286624204,0.0
2020-08-08,92.0,82.0,71.50750000000001,75.75,1019.6333333333333,6.659646302250804,0.09
2020-08-09,91.0,83.0,71.19083333333333,76.16666666666667,1019.725,7.806730769230769,0.0
2020-08-10,93.0,81.0,69.6768,75.52,1018.4458333333333,5.963953488372093,0.0
2020-08-11,92.0,82.0,68.78730769230769,74.8076923076923,1016.3874999999999,5.507692307692308,0.08
2020-08-12,91.0,79.0,74.63928571428572,75.89285714285714,1016.1625,6.8599683544303796,3.7600000000000002
2020-08-13,91.0,82.0,72.175,75.76923076923077,1016.2833333333333,8.306369426751592,0.45999999999999996
2020-08-14,91.0,82.0,69.87166666666667,75.125,1015.4666666666667,8.2584142394822,0.59
2020-08-15,90.0,80.0,71.94105263157896,74.92631578947368,1014.9166666666666,4.667857142857143,2.55
2020-08-16,92.0,81.0,69.79928571428572,74.53571428571429,1014.7791666666667,3.6121794871794872,0.04
2020-08-17,92.0,77.0,68.1055172413793,74.06896551724138,1014.7478260869566,5.356962025316456,0.0
2020-08-18,92.0,79.0,66.28103448275863,73.22758620689655,1013.8833333333333,4.387579617834395,0.0
2020-08-19,91.0,78.0,77.20675675675676,74.82702702702703,1013.1041666666666,4.208201892744479,2.0300000000000002
2020-08-20,89.0,78.0,79.35933333333334,76.23333333333333,1013.1625,4.526751592356688,1.8
2020-08-21,92.0,79.0,77.71923076923078,77.07692307692308,1013.9958333333334,5.742675159235669,0.72
2020-08-22,91.0,84.0,68.91041666666668,75.41666666666667,1014.1416666666668,11.076121794871796,0.35
2020-08-23,92.0,81.0,77.28972972972974,77.29729729729729,1014.3958333333334,13.015586419753086,4.8500000000000005
2020-08-24,90.0,79.0,74.73892857142857,76.75,1013.6217391304348,19.21882911392405,1.23
2020-08-25,91.0,85.0,73.01346153846154,77.11538461538461,1014.8291666666668,15.096496815286624,1.05
2020-08-26,91.0,83.0,70.53708333333334,75.41666666666667,1015.125,11.809615384615384,0.0
2020-08-27,91.0,81.0,75.44720000000001,76.84,1016.3125,7.583386581469648,0.36000000000000004
2020-08-28,92.0,82.0,74.965,77.125,1017.725,6.321314102564102,0.0
2020-08-29,90.0,82.0,76.87310344827587,77.27586206896552,1016.7166666666667,4.527215189873417,2.3400000000000003
2020-08-30,92.0,79.0,71.8962962962963,75.45925925925927,1014.4333333333334,5.561194029850746,0.0
2020-08-31,92.0,77.0,77.94405405405405,74.50810810810812,1015.1083333333332,3.3206249999999997,3.04
2020-09-01,92.0,79.0,75.12653846153846,75.57692307692308,1016.4041666666667,4.824839743589743,0.0
2020-09-02,91.0,82.0,70.53625,75.79166666666667,1015.6999999999999,9.575961538461538,0.0
2020-09-03,93.0,84.0,71.71615384615384,77.07692307692308,1015.1583333333333,10.507484076433121,0.0
2020-09-04,92.0,84.0,72.14933333333333,76.79333333333334,1016.4458333333333,9.789465408805032,0.0
2020-09-05,93.0,82.0,68.54291666666667,75.125,1017.9,8.551282051282051,0.0
2020-09-06,91.0,75.0,72.9646875,73.23125,1016.1458333333334,7.245,0.32
2020-09-07,86.0,75.0,81.8488888888889,73.62962962962963,1012.4083333333333,6.248089171974522,3.45
2020-09-08,89.0,76.0,80.08916666666666,75.04166666666667,1011.0166666666668,5.569391025641025,0.79
2020-09-09,89.0,76.0,82.171,75.14,1013.8666666666667,3.886708860759494,3.5900000000000003
2020-09-10,87.0,77.0,84.18781249999999,75.8125,1016.0124999999999,5.299373040752351,5.15
2020-09-11,89.0,80.0,77.88178571428571,75.87857142857142,1012.15,5.3933544303797465,0.0
2020-09-12,83.0,76.0,88.65777777777777,75.86666666666666,1008.2958333333332,13.108566978193148,6.13
2020-09-13,86.0,74.0,89.14877551020408,75.61632653061224,1011.7125,9.353799392097265,19.6
2020-09-14,89.0,81.0,79.25,76.72,1014.4250000000001,8.027955271565496,0.0
2020-09-15,89.0,80.0,74.73916666666666,75.5,1015.7125,7.283333333333333,0.0
2020-09-16,89.0,81.0,74.58083333333333,75.625,1014.7208333333333,8.274839743589743,0.11
2020-09-17,90.0,80.0,74.29083333333334,75.16666666666667,1013.1875,6.818910256410256,0.07
2020-09-18,90.0,80.0,74.03192307692308,75.92307692307692,1012.3874999999999,6.060912052117264,0.0
2020-09-19,92.0,81.0,74.80958333333334,76.29166666666667,1012.3833333333333,3.7096774193548385,0.0
2020-09-20,89.0,79.0,78.58558823529411,76.68235294117646,1012.2791666666667,3.1419003115264794,0.0
2020-09-21,85.0,77.0,89.05040000000001,76.696,1013.8125,7.292514970059879,8.17
2020-09-22,88.0,80.0,60.80458333333333,68.0,1015.1083333333332,12.885897435897435,0.0
2020-09-23,87.0,78.0,58.18083333333333,66.04166666666667,1014.8708333333334,9.41957928802589,0.0
2020-09-24,84.0,77.0,81.48354838709677,74.4258064516129,1014.3166666666666,9.7062893081761,3.37
2020-09-25,89.0,75.0,87.49857142857142,76.51904761904763,1014.7541666666666,5.448302469135802,14.14
2020-09-26,91.0,74.0,85.74388888888889,75.94999999999999,1015.475,4.527672955974842,17.25
2020-09-27,89.0,75.0,83.56615384615384,75.11538461538461,1013.8625000000001,3.4315112540192927,0.29000000000000004
2020-09-28,89.0,78.0,81.6129411764706,75.79411764705883,1012.5208333333334,4.068396226415095,2.0500000000000003
2020-09-29,89.0,79.0,75.2108,75.4,1012.0458333333332,6.377272727272727,0.0
2020-09-30,89.0,78.0,75.32678571428572,74.65714285714286,1013.2916666666666,4.276677316293929,0.0
2020-10-01,90.0,76.0,78.66275862068964,74.37931034482759,1013.7208333333333,4.904952076677317,2.71
2020-10-02,83.0,73.0,90.17837837837837,74.31891891891892,1013.2125,2.5378086419753085,23.44
2020-10-03,85.0,76.0,89.40879999999999,74.96,1013.1666666666666,4.684775641025641,1.98
2020-10-04,89.0,77.0,77.5325,75.58333333333333,1013.1208333333334,9.569774919614147,0.41000000000000003
2020-10-05,89.0,82.0,74.44583333333334,76.08333333333333,1012.7166666666667,13.810454545454546,0.0
2020-10-06,89.0,79.0,76.46653846153846,75.8923076923077,1013.0041666666666,13.201118210862619,0.87
2020-10-07,88.0,79.0,74.85285714285715,75.17857142857143,1014.0375,11.642380952380952,0.39
2020-10-08,89.0,80.0,67.96833333333333,72.16666666666667,1015.5083333333333,10.010897435897435,0.0
2020-10-09,88.0,78.0,70.80384615384615,73.11538461538461,1016.1625,11.937220447284345,0.25
2020-10-10,90.0,77.0,79.33800000000001,75.64,1015.3208333333333,8.77475884244373,0.5
2020-10-11,91.0,79.0,78.64920000000001,76.04,1014.0666666666666,4.570607028753994,0.0
2020-10-12,92.0,80.0,77.14115384615386,75.53846153846153,1013.9166666666666,3.457876712328767,0.06
2020-10-13,88.0,76.0,75.79375,72.91666666666667,1013.9041666666667,5.255179282868526,0.0
2020-10-14,88.0,77.0,70.17583333333333,71.16666666666667,1013.8125,4.784433962264151,0.0
2020-10-15,89.0,76.0,77.00870967741936,74.07741935483871,1013.4875000000001,6.764090909090909,0.89
2020-10-16,87.0,73.0,86.58947368421053,75.05263157894737,1014.725,5.487265917602996,13.79
2020-10-17,87.0,74.0,80.1124,72.76,1016.25,7.609105431309905,0.17
2020-10-18,87.0,80.0,72.45125,72.58333333333333,1015.6708333333332,10.243108974358973,0.0
2020-10-19,82.0,74.0,79.12633333333333,72.48,1013.9625,12.551428571428572,4.19
2020-10-20,84.2,75.0,82.66555555555556,73.63333333333334,1013.1041666666666,10.403240740740742,3.72
2020-10-21,78.0,74.0,92.1051282051282,73.56410256410257,1013.7166666666667,10.137822878228782,18.56
2020-10-22,85.0,72.0,87.02472222222222,73.27777777777777,1014.0666666666666,10.308660130718954,5.08
2020-10-23,87.0,78.0,72.03791666666667,71.54166666666667,1014.1083333333332,12.959615384615384,0.0
2020-10-24,86.0,74.0,79.85735294117647,73.17647058823529,1012.6833333333334,11.184735202492213,6.3
2020-10-25,85.0,75.0,91.28756097560975,75.05365853658536,1011.9083333333333,6.160213414634146,4.85
2020-10-26,87.0,75.2,83.35125000000001,75.50625,1014.4291666666667,8.100470219435737,0.75
2020-10-27,89.0,80.0,76.46576923076923,75.0,1016.9708333333333,11.10812101910828,0.0
2020-10-28,87.0,81.0,77.0415625,75.06875,1016.4090909090909,11.55390625,0.0
2020-10-29,87.0,80.6,77.63035714285715,75.37142857142858,1014.2708333333334,10.933098591549296,0.03
2020-10-30,88.0,78.0,81.33555555555556,76.03703703703704,1013.8583333333332,4.153184713375796,0.0
2020-10-31,87.0,77.0,85.49675675675675,74.87567567567568,1016.9499999999999,4.54088785046729,4.9399999999999995
2020-11-01,86.0,78.0,80.3726923076923,74.53846153846153,1017.4083333333333,8.138461538461538,0.09
2020-11-02,81.0,75.0,80.6839393939394,71.36363636363636,1016.375,13.425581395348836,0.0
2020-11-03,80.0,72.0,55.754482758620696,58.86206896551724,1019.4458333333333,15.058832807570976,0.0
2020-11-04,81.0,74.0,61.9925,62.833333333333336,1020.3833333333333,13.888461538461538,0.0
2020-11-05,83.0,75.0,81.55536585365854,72.02439024390245,1018.4833333333332,14.628156996587032,4.68
2020-11-06,83.0,76.0,78.03692307692307,71.8076923076923,1015.0,9.200000000000001,0.72
2020-11-07,82.0,75.0,78.42428571428572,71.73571428571428,1012.3958333333334,14.950000000000001,0.22
2020-11-08,79.0,72.0,90.18094339622641,72.76603773584905,1008.0916666666667,16.382075471698112,5.78
2020-11-09,83.0,74.0,90.66379310344827,74.65172413793104,1005.8208333333333,21.49310344827586,6.37
2020-11-10,84.0,76.0,86.78384615384616,75.6923076923077,1009.4333333333334,16.54230769230769,0.29
2020-11-11,83.0,75.0,87.05176470588236,75.75882352941177,1010.9791666666666,14.882352941176471,0.14
2020-11-12,81.0,73.4,94.01255319148936,75.92340425531916,1013.0,4.919444444444444,4.18
2020-11-13,86.0,73.0,91.09564102564103,74.39999999999999,1015.0875,2.1733944954128437,4.0
2020-11-14,85.0,76.0,83.05499999999999,73.66666666666667,1016.3916666666668,5.296153846153846,0.29000000000000004
2020-11-15,85.0,74.0,77.29833333333333,72.04166666666667,1017.2083333333334,6.8999999999999995,0.03
2020-11-16,85.0,71.0,74.42625,69.29166666666667,1017.9791666666666,5.414583333333333,0.0
2020-11-17,83.0,75.0,78.18689655172415,70.33103448275861,1018.9833333333332,8.525862068965518,0.0
2020-11-18,80.0,69.0,62.54833333333334,60.583333333333336,1021.5124999999999,11.116666666666667,0.0
2020-11-19,79.0,72.0,56.72125,59.125,1023.8041666666667,16.297142857142855,0.0
2020-11-20,80.0,72.0,74.7637037037037,66.03703703703704,1023.1041666666666,12.453289473684212,0.81
2020-11-21,81.0,72.0,77.44222222222223,68.48148148148148,1020.3041666666667,10.772018348623854,0.71
2020-11-22,82.0,72.0,85.62166666666667,70.63333333333334,1017.0458333333332,5.635000000000001,0.35
2020-11-23,80.0,72.0,83.0983870967742,69.25161290322582,1016.1958333333333,6.711475409836066,0.0
2020-11-24,82.0,68.0,72.10708333333334,64.20833333333333,1019.1458333333334,11.519166666666667,0.0
2020-11-25,80.0,72.0,73.55814814814815,66.48148148148148,1020.9695652173913,14.471681415929202,0.0
2020-11-26,82.0,71.0,64.74,63.666666666666664,1019.9,8.61722972972973,0.0
2020-11-27,81.0,70.0,77.02958333333333,67.20833333333333,1018.3791666666666,2.4125,0.6799999999999999
2020-11-28,81.0,70.0,79.55875,67.58333333333333,1016.9,2.4916666666666667,0.04
2020-11-29,82.0,69.0,80.04708333333333,67.83333333333333,1016.4708333333333,4.120833333333334,0.0
2020-11-30,83.0,70.0,81.49066666666666,68.88666666666667,1013.9958333333334,8.433333333333334,0.26
2020-12-01,73.0,60.0,66.2925925925926,53.2962962962963,1018.0208333333334,10.330833333333334,0.09
2020-12-02,73.0,53.0,58.07708333333333,46.708333333333336,1022.0291666666667,6.09421768707483,0.0
2020-12-03,75.0,59.0,65.77,54.875,1021.9166666666666,11.174747474747475,0.0
2020-12-04,77.0,69.0,64.49333333333333,59.833333333333336,1020.0166666666668,8.273611111111112,0.0
2020-12-05,82.0,69.0,74.81347826086957,65.82608695652173,1017.2583333333333,1.7692307692307692,0.0
2020-12-06,84.0,69.0,85.41433333333333,68.44,1015.1833333333334,4.674193548387097,0.0
2020-12-07,77.0,65.0,84.930625,66.84583333333333,1010.6583333333333,8.026041666666666,2.71
2020-12-08,69.0,55.0,57.772083333333335,45.791666666666664,1016.1958333333333,8.114606741573034,0.0
2020-12-09,64.0,51.0,53.31,39.833333333333336,1021.3541666666666,7.585576923076922,0.0
2020-12-10,72.0,49.0,62.48791666666667,45.833333333333336,1021.6125000000001,2.492320819112628,0.0
2020-12-11,77.0,61.0,61.012499999999996,53.708333333333336,1020.0875,5.360557768924303,0.0
2020-12-12,78.0,68.0,84.48757575757577,66.7030303030303,1018.5500000000001,5.7140625,3.8200000000000003
2020-12-13,82.0,66.0,76.89291666666666,65.91666666666667,1018.6916666666666,4.264583333333333,0.0
2020-12-14,85.0,69.0,76.74625,67.29166666666667,1017.5208333333334,5.175,0.0
2020-12-15,82.0,71.6,83.19699999999999,69.49333333333334,1015.8208333333333,3.8775641025641026,0.0
2020-12-16,81.0,69.0,84.91807692307692,70.15384615384616,1014.8916666666668,3.2496774193548386,0.0
2020-12-17,84.0,71.6,86.82756756756757,70.64324324324325,1016.1583333333333,6.546785714285714,0.0
2020-12-18,72.0,55.0,70.7951724137931,53.93103448275862,1022.3791666666666,9.27076923076923,0.0
2020-12-19,76.0,57.0,70.37458333333333,55.083333333333336,1022.5,5.414583333333333,0.0
2020-12-20,80.0,65.0,75.4448,63.92,1018.1416666666668,4.784,0.0
2020-12-21,80.0,71.0,80.03999999999999,67.0,1016.9458333333333,6.489285714285714,0.0
2020-12-22,76.0,61.0,65.29666666666667,55.625,1021.0375,7.283333333333334,0.0
2020-12-23,79.0,61.0,70.05583333333333,58.458333333333336,1021.2916666666666,7.091666666666666,0.0
2020-12-24,82.0,74.0,77.23538461538462,68.94615384615385,1016.5541666666667,10.88076923076923,0.09
2020-12-25,74.0,53.0,72.57972222222222,51.82222222222222,1018.2708333333334,11.915277777777778,0.0
2020-12-26,63.0,47.0,60.24333333333333,39.625,1021.1125000000001,4.16875,0.0
2020-12-27,74.0,53.0,61.805416666666666,47.958333333333336,1020.0291666666667,7.6187499999999995,0.0
2020-12-28,76.0,63.0,72.67833333333333,58.666666666666664,1021.7291666666666,10.222222222222221,0.01
2020-12-29,77.0,64.0,60.1924,56.76,1023.0458333333332,12.735981308411215,0.0
2020-12-30,79.0,70.0,64.76208333333334,61.708333333333336,1021.1625,17.731075697211157,0.0
2020-12-31,81.0,73.0,73.26428571428572,66.4,1019.1291666666666,17.11126984126984,0.0
2021-01-01,81.0,74.0,77.42586206896551,69.10344827586206,1020.8960000000001,14.289747634069402,0.0
2021-01-02,80.0,75.0,77.70468749999999,68.7125,1020.5916666666667,10.768512658227849,0.0
2021-01-03,83.0,69.0,74.53625,66.45833333333333,1018.4791666666666,5.7017741935483865,0.0
2021-01-04,75.0,68.0,73.4648275862069,61.37931034482759,1016.9250000000001,5.063650793650793,0.0
2021-01-05,72.0,59.0,49.775416666666665,45.208333333333336,1016.9541666666668,5.890338983050847,0.0
2021-01-06,73.0,54.0,57.19541666666667,45.583333333333336,1018.3227272727272,2.1712,0.0
2021-01-07,76.0,54.0,64.64291666666666,53.333333333333336,1017.4833333333332,4.596302250803858,0.0
2021-01-08,75.0,69.0,74.53777777777778,62.22222222222222,1014.5583333333334,7.819267515923567,0.0
2021-01-09,67.0,58.0,63.245,49.875,1018.0333333333333,7.497115384615384,0.0
2021-01-10,70.0,49.0,61.55666666666667,44.666666666666664,1022.1958333333333,4.770096463022508,0.0
2021-01-11,77.0,61.0,62.91708333333333,56.416666666666664,1021.8791666666666,6.559807073954984,0.0
2021-01-12,77.0,67.0,78.35518518518519,64.37037037037037,1021.0666666666666,1.937420382165605,0.0
2021-01-13,77.0,63.0,78.78479999999999,61.0,1019.5625,4.936677631578948,0.0
2021-01-14,69.0,59.0,83.96628571428572,58.10857142857143,1016.4666666666667,5.575867507886435,3.8000000000000003
2021-01-15,75.0,64.0,63.824814814814815,55.55555555555556,1014.1208333333334,3.523248407643312,0.0
2021-01-16,72.0,62.0,64.23115384615384,55.03846153846154,1014.4625,8.251433121019108,0.0
2021-01-17,68.0,53.0,59.150416666666665,46.791666666666664,1017.7833333333333,3.628640776699029,0.0
2021-01-18,71.0,61.0,66.46625,53.791666666666664,1019.8833333333333,3.2318327974276526,0.03
2021-01-19,74.0,59.0,57.71,50.25,1024.4916666666666,5.82395498392283,0.0
2021-01-20,75.0,60.0,61.91958333333333,53.375,1024.375,4.673895582329317,0.0
2021-01-21,76.0,58.0,68.15083333333332,56.041666666666664,1020.6625,3.7375000000000003,0.0
2021-01-22,79.0,57.0,72.94458333333334,58.208333333333336,1017.1708333333332,6.737373737373737,0.0
2021-01-23,81.0,60.0,75.85079999999999,60.24,1017.6666666666666,3.5387459807073953,0.0
2021-01-24,82.0,65.0,81.10529411764706,64.74705882352941,1018.9083333333333,3.6757009345794387,0.0
2021-01-25,78.0,68.0,78.48033333333333,66.48,1017.9499999999999,7.22185534591195,0.0
2021-01-26,82.0,68.0,79.44666666666667,66.95833333333333,1017.1708333333332,6.095,0.0
2021-01-27,85.0,66.0,79.08928571428571,66.28571428571429,1017.7458333333334,4.918006430868167,0.0
2021-01-28,77.0,64.0,70.60888888888888,60.162962962962965,1019.7086956521739,8.683974358974359,0.0
2021-01-29,72.0,55.0,63.59458333333333,49.666666666666664,1023.2166666666667,8.363301282051282,0.0
2021-01-30,75.0,58.0,62.43875,53.041666666666664,1022.3708333333334,7.320192307692308,0.0
2021-01-31,77.0,68.0,66.02916666666667,59.958333333333336,1019.6541666666667,11.323076923076924,0.0
2021-02-01,75.0,63.0,71.93076923076923,59.70769230769231,1012.8333333333334,10.320700636942675,0.08
2021-02-02,65.0,52.0,54.788333333333334,41.25,1014.2541666666666,12.335691318327974,0.0
2021-02-03,66.0,50.0,54.96,39.916666666666664,1017.6583333333333,8.442131147540984,0.0
2021-02-04,72.0,50.0,56.86083333333334,43.875,1019.5583333333334,5.564516129032258,0.0
2021-02-05,76.0,57.0,72.50708333333334,57.541666666666664,1016.9541666666668,6.129647435897436,0.0
2021-02-06,80.0,70.0,89.55371428571429,70.42857142857143,1015.0958333333333,7.339285714285714,11.6
2021-02-07,84.0,72.0,86.39945945945946,71.88648648648649,1014.275,9.16795665634675,0.0
2021-02-08,84.0,73.0,86.87410256410257,72.15384615384616,1018.0749999999999,5.428987730061349,0.0
2021-02-09,82.0,70.0,84.79028571428572,70.19428571428573,1020.225,5.379721362229103,0.0
2021-02-10,82.0,71.0,79.49333333333333,68.70833333333333,1019.8541666666666,8.488621794871793,0.0
2021-02-11,80.0,73.0,78.07192307692307,68.42307692307692,1017.9499999999999,10.188853503184713,0.0
2021-02-12,82.0,72.0,81.17708333333333,69.58333333333333,1015.4499999999999,8.016826923076923,0.0
2021-02-13,82.0,75.0,82.33888888888889,71.70370370370371,1014.1916666666666,10.112698412698412,0.0
2021-02-14,85.0,76.0,81.55966666666667,72.6,1014.5083333333333,9.87625786163522,0.0
2021-02-15,85.0,76.0,81.32357142857143,72.60714285714286,1016.0583333333334,8.537658227848102,0.0
2021-02-16,83.0,75.0,86.68150943396226,73.4679245283019,1016.0625,7.961799410029499,12.48
2021-02-17,83.0,72.0,86.66555555555556,71.84444444444445,1017.7708333333334,6.921296296296297,0.13
2021-02-18,85.0,75.0,76.01692307692308,70.63846153846154,1018.3541666666666,10.976273885350318,0.0
2021-02-19,84.0,76.0,80.25535714285715,72.37142857142858,1018.1958333333333,9.189082278481013,0.1
2021-02-20,77.0,62.0,76.02774193548387,61.329032258064515,1020.3625000000001,9.771383647798743,2.6100000000000003
2021-02-21,76.0,64.0,64.89458333333333,57.375,1023.6666666666666,12.078685897435898,0.08
2021-02-22,81.0,70.0,74.30999999999999,65.48965517241379,1021.7708333333334,13.492534722222222,0.0
2021-02-23,84.0,71.0,81.4490625,69.5625,1018.4916666666667,5.486006289308176,0.58
2021-02-24,80.0,71.0,80.92914285714285,67.90857142857143,1019.6666666666666,6.9640866873065015,1.35
2021-02-25,85.0,68.0,78.30279999999999,67.48,1020.775,2.8657556270096465,0.0
2021-02-26,83.0,71.0,74.42576923076923,67.96153846153847,1020.4083333333333,6.996451612903226,0.11
2021-02-27,83.0,75.0,73.1904,68.6,1021.4041666666667,12.896166134185304,0.0
2021-02-28,82.0,75.0,72.50439999999999,68.872,1021.6583333333333,14.828753993610222,0.0
2021-03-01,83.0,75.0,75.35600000000001,70.024,1018.9541666666668,10.519009584664536,0.0
2021-03-02,84.0,72.0,77.04821428571428,69.02857142857142,1017.5500000000001,4.6073015873015875,0.0
2021-03-03,85.0,71.0,73.95692307692308,66.96923076923078,1014.65,8.529166666666667,0.0
2021-03-04,76.0,60.0,69.735,55.588235294117645,1015.3249999999999,8.174999999999999,0.0
2021-03-05,79.0,63.0,61.89125000000001,55.25,1014.7208333333333,6.3417475728155335,0.0
2021-03-06,78.0,63.0,71.96848484848485,60.43636363636364,1013.9458333333333,8.483489096573209,19.75
2021-03-07,77.0,63.0,74.95107142857144,58.949999999999996,1016.9416666666666,9.028955696202532,0.0
2021-03-08,72.0,57.0,60.372083333333336,50.333333333333336,1026.0916666666667,9.94823717948718,0.0
2021-03-09,73.0,68.0,52.26208333333333,52.333333333333336,1028.3999999999999,13.88477564102564,0.0
2021-03-10,75.0,69.0,63.815000000000005,58.11538461538461,1026.6333333333334,13.386146496815286,0.53
2021-03-11,79.0,68.0,65.74958333333333,60.666666666666664,1025.4416666666666,14.422916666666666,0.23
2021-03-12,79.0,69.0,57.65083333333333,57.666666666666664,1024.9666666666667,10.253236245954692,0.0
2021-03-13,80.0,70.0,62.29791666666667,60.541666666666664,1023.2624999999999,7.533974358974358,0.0
2021-03-14,81.0,65.0,69.34125,62.708333333333336,1020.6916666666666,5.753685897435898,0.0
2021-03-15,82.0,66.0,71.78416666666666,63.833333333333336,1019.5833333333334,5.058520900321543,0.0
2021-03-16,80.0,72.0,70.2662962962963,64.8962962962963,1019.35,10.97063492063492,0.0
2021-03-17,83.0,73.0,70.4326923076923,66.1923076923077,1018.1666666666666,10.188853503184713,0.0
2021-03-18,84.0,74.0,76.11857142857143,70.09285714285714,1016.9541666666668,10.415506329113924,0.0
2021-03-19,85.0,73.0,79.30586206896551,69.68275862068965,1015.4250000000001,8.369242902208203,2.81
2021-03-20,81.0,58.0,67.83933333333333,56.4,1017.5458333333332,7.5487179487179485,0.0
2021-03-21,78.0,60.0,69.02307692307691,57.15384615384615,1017.1166666666667,8.561935483870966,0.0
2021-03-22,78.0,59.0,65.2023076923077,54.5,1015.85,5.522277227722772,0.0
2021-03-23,78.0,62.0,68.6425,57.875,1015.1416666666668,6.041233766233766,0.0
2021-03-24,84.0,61.0,70.08375,62.375,1016.1791666666667,5.8060064935064934,0.0
2021-03-25,84.0,75.0,79.46857142857142,71.55,1018.1583333333333,10.775791139240507,0.0
2021-03-26,84.0,76.0,76.48696969696971,70.56363636363636,1020.2083333333334,11.177570093457945,0.0
2021-03-27,85.0,75.0,72.72678571428571,69.5,1021.0708333333333,11.278006329113923,0.0
2021-03-28,85.0,76.0,71.74923076923076,69.38461538461539,1019.3249999999999,12.28375796178344,0.0
2021-03-29,85.0,75.0,72.20083333333334,69.375,1019.225,5.0644230769230765,0.0
2021-03-30,85.0,76.0,70.9312,69.28,1020.216,11.746166134185303,0.0
2021-03-31,86.0,77.0,71.52851851851852,69.98518518518519,1019.5625,12.75952380952381,0.0
2021-04-01,89.0,73.0,71.61666666666666,68.5,1016.5458333333332,4.1871794871794865,0.0
2021-04-02,77.0,62.0,58.583103448275864,54.675862068965515,1018.0541666666667,12.269085173501578,0.48
2021-04-03,74.0,64.0,49.87291666666667,49.791666666666664,1023.704347826087,12.369322033898305,0.0
2021-04-04,76.0,67.0,47.274166666666666,49.791666666666664,1023.3874999999999,10.37948717948718,0.0
2021-04-05,76.0,65.0,50.89083333333334,51.708333333333336,1020.9583333333334,8.462820512820514,0.0
2021-04-06,77.0,63.0,58.92416666666667,55.5,1019.65,6.90741935483871,0.0
2021-04-07,79.0,63.0,57.900416666666665,55.958333333333336,1018.5583333333334,6.524910394265233,0.0
2021-04-08,80.0,64.0,60.981249999999996,58.25,1016.8791666666666,7.679930795847751,0.0
2021-04-09,81.0,68.0,64.97291666666666,61.666666666666664,1016.5166666666668,9.317948717948717,0.0
2021-04-10,84.0,72.0,68.8804,66.2,1014.5541666666667,11.09948275862069,0.0
2021-04-11,89.0,66.0,75.05605263157895,67.47894736842105,1010.6958333333333,11.461196319018404,4.0
2021-04-12,87.0,67.0,82.45107142857144,68.52142857142857,1010.9458333333333,5.600791139240506,5.73
2021-04-13,87.0,69.0,63.6496,60.92,1015.6583333333333,5.337179487179488,0.0
2021-04-14,82.0,72.0,65.35541666666667,64.08333333333333,1018.5749999999999,8.249333333333334,0.0
2021-04-15,83.0,70.0,66.20916666666666,64.0,1015.6958333333333,7.7128664495114005,0.0
2021-04-16,87.0,70.0,68.69541666666667,66.54166666666667,1012.3833333333333,6.73252427184466,0.0
2021-04-17,89.0,72.0,66.85384615384615,67.65384615384616,1012.2916666666666,7.790199335548173,0.0
2021-04-18,89.0,73.0,69.94916666666667,69.58333333333333,1013.4625,6.0873333333333335,0.0
2021-04-19,91.0,78.0,70.95115384615384,72.42307692307692,1013.2458333333334,10.514808917197453,0.0
2021-04-20,84.0,71.0,82.29815789473685,71.40526315789474,1014.5291666666667,8.191104294478528,9.51
2021-04-21,87.0,77.0,79.91916666666667,72.77777777777777,1015.2041666666668,4.504166666666666,1.09
2021-04-22,84.0,73.0,67.55791666666667,65.875,1016.5833333333334,6.0681666666666665,0.0
2021-04-23,84.0,74.0,67.877,67.13333333333334,1017.9291666666667,10.992647058823529,0.0
2021-04-24,86.0,77.0,72.11481481481482,70.17037037037036,1016.1041666666666,14.676190476190476,0.0
2021-04-25,92.0,76.0,71.70166666666667,72.125,1013.5208333333334,7.987339743589744,0.0
2021-04-26,85.0,75.0,72.66923076923078,69.46153846153847,1014.9833333333332,8.582747603833866,0.0
2021-04-27,84.0,74.0,62.574615384615385,64.26923076923077,1018.2125,11.863738019169329,0.0
2021-04-28,83.0,74.0,60.652499999999996,63.833333333333336,1018.4166666666666,10.602258064516128,0.0
2021-04-29,86.0,77.0,72.15192307692308,70.94615384615385,1017.2958333333332,11.144745222929936,0.0
2021-04-30,87.0,76.0,73.79923076923077,71.53846153846153,1017.0166666666668,6.711414790996785,0.0
2021-05-01,89.0,74.0,70.13583333333334,69.95833333333333,1015.6125000000001,6.180781758957655,0.0
2021-05-02,89.0,75.0,65.48,68.58333333333333,1015.25,6.892628205128205,0.0
2021-05-03,87.0,79.0,67.83083333333333,70.625,1015.3791666666666,10.604326923076924,0.0
2021-05-04,88.0,79.0,71.2388,72.68,1016.6958333333333,9.48650519031142,0.0
2021-05-05,89.0,78.0,71.75333333333333,72.62962962962963,1017.5625,7.122698412698413,0.0
2021-05-06,90.0,75.0,73.462,72.2,1016.8708333333334,5.116401273885351,6.5
2021-05-07,91.4,74.0,75.97,71.53529411764706,1015.6166666666667,6.523831775700935,0.0
2021-05-08,85.0,74.0,72.34033333333333,67.9,1017.0541666666667,8.881761006289308,1.43
2021-05-09,83.0,77.0,73.16545454545455,70.96363636363637,1018.7541666666666,12.32398753894081,5.87
2021-05-10,88.0,76.0,74.925,72.54166666666667,1017.9625,8.963344051446946,0.32
2021-05-11,89.0,77.0,71.95625,72.41666666666667,1017.9666666666667,6.00801282051282,0.0
2021-05-12,88.0,76.0,73.78709677419356,73.48387096774194,1017.225,8.614150943396227,6.69
2021-05-13,93.0,75.0,76.14620689655172,72.66896551724139,1016.4499999999999,5.716932907348243,1.52
2021-05-14,85.0,75.0,78.95928571428571,71.42857142857143,1017.0208333333334,5.775555555555555,0.14
2021-05-15,85.0,75.0,70.13125000000001,68.45833333333333,1017.8833333333333,7.92016129032258,0.0
2021-05-16,84.0,75.0,60.27458333333333,64.10000000000001,1018.9916666666667,9.240675241157556,0.0
2021-05-17,83.0,76.0,62.32541666666666,64.75,1018.9708333333333,10.67540192926045,0.03
2021-05-18,85.0,78.0,61.675,65.6076923076923,1018.4916666666667,15.023482428115017,0.0
2021-05-19,84.0,77.0,63.66192307692308,66.81538461538462,1018.2333333333332,18.03375796178344,0.0
2021-05-20,84.0,78.0,62.815925925925924,66.07407407407408,1019.7916666666666,20.7,0.0
2021-05-21,83.0,75.0,55.354166666666664,61.5,1021.7791666666667,16.733974358974358,0.0
2021-05-22,83.0,75.0,56.25583333333333,61.875,1022.2083333333334,14.422916666666666,0.0
2021-05-23,84.0,75.0,54.73541666666667,61.208333333333336,1021.4250000000001,11.407852564102564,0.0
2021-05-24,83.0,74.0,58.88375,62.541666666666664,1020.7458333333334,9.403376205787781,0.0
2021-05-25,84.0,75.0,60.79583333333333,64.58333333333333,1021.6750000000001,10.902884615384615,0.0
2021-05-26,85.0,76.0,62.26291666666666,65.70833333333333,1021.875,12.21875,0.0
2021-05-27,85.0,75.0,64.60625,66.83333333333333,1019.8375,9.037820512820513,0.0
2021-05-28,86.0,76.0,66.495,68.25,1017.3083333333334,8.413973063973064,0.0
2021-05-29,87.0,75.0,69.17807692307692,69.0,1014.275,6.548713826366559,0.0
2021-05-30,87.0,77.0,71.7073076923077,71.6,1015.9333333333334,6.229777070063695,0.35
2021-05-31,88.0,78.0,71.82384615384616,71.4076923076923,1019.3541666666666,5.10171568627451,0.0
2021-06-01,86.0,76.0,70.43520000000001,69.88,1019.0708333333333,10.97162162162162,0.0
2021-06-02,85.0,76.0,76.08103448275861,71.48275862068965,1017.025,9.60990099009901,4.67
2021-06-03,85.0,75.2,83.38333333333333,73.78095238095239,1016.8791666666666,9.872575757575756,6.71
2021-06-04,87.0,75.0,77.21791666666667,73.58333333333333,1017.4499999999999,9.196314102564102,0.25
2021-06-05,87.0,79.0,75.51785714285714,73.69285714285715,1017.5625,10.015189873417722,0.23
2021-06-06,87.8,80.0,75.528125,74.88125,1018.125,14.166562500000001,0.05
2021-06-07,88.0,80.0,70.20153846153846,72.34615384615384,1019.15,13.737738853503183,0.0
2021-06-08,88.0,79.0,69.39399999999999,71.64,1020.0500000000001,12.760223642172525,0.26
2021-06-09,88.0,79.0,65.80541666666666,70.5,1019.8833333333333,11.551602564102565,0.0
2021-06-10,88.0,80.0,68.52846153846154,72.07692307692308,1017.9125,10.943312101910827,0.0
2021-06-11,89.0,80.0,71.12833333333333,73.5,1016.0916666666667,9.29951923076923,0.0
2021-06-12,88.0,80.0,74.38870967741936,74.7741935483871,1013.9708333333333,6.5926100628930815,0.41000000000000003
2021-06-13,93.0,79.0,71.01666666666667,73.94666666666667,1012.9208333333332,7.320820189274447,0.15
2021-06-14,86.0,74.0,81.95088235294118,73.49411764705883,1014.8333333333334,6.467857142857143,5.62
2021-06-15,89.0,75.0,82.4886046511628,72.84186046511627,1016.7565217391304,5.558333333333334,4.8
2021-06-16,87.8,75.0,83.16933333333333,74.14,1016.8000000000001,3.1823899371069184,2.72
2021-06-17,88.0,73.0,79.42333333333333,72.70833333333333,1016.8041666666667,4.873633440514469,1.83
2021-06-18,89.0,76.0,78.191,75.16666666666667,1017.65,10.143867924528301,0.13
2021-06-19,89.0,82.0,76.46384615384615,76.26923076923077,1018.225,10.04235668789809,0.0
2021-06-20,92.0,75.0,79.06282051282051,76.77948717948718,1017.9875000000001,6.935276073619632,7.66
2021-06-21,91.0,79.0,76.25538461538461,76.15384615384616,1018.2833333333333,6.606070287539936,0.0
2021-06-22,91.0,83.0,74.23258064516129,76.80645161290323,1017.6999999999999,9.553291536050157,0.0
2021-06-23,90.0,75.0,76.48242424242424,73.39393939393939,1018.8874999999999,5.667601246105919,5.83
2021-06-24,85.0,76.0,76.17807692307693,72.61538461538461,1018.7875,6.672929936305733,0.28
2021-06-25,86.0,76.0,78.28227272727273,73.70454545454545,1017.6125000000001,8.673493975903614,3.77
2021-06-26,88.0,76.0,75.83428571428571,73.92857142857143,1016.75,9.243809523809524,2.2800000000000002
2021-06-27,89.0,77.0,77.02787878787879,73.67272727272727,1016.5916666666667,8.827414330218069,1.67
2021-06-28,85.0,76.0,83.73340425531916,74.34468085106383,1017.7083333333334,6.268358208955224,6.6
2021-06-29,88.0,73.4,83.36690909090909,74.37818181818182,1019.3913043478261,6.769241982507288,24.95
2021-06-30,86.0,73.0,89.41305555555556,74.08333333333333,1018.8458333333333,4.0320987654320986,15.5
2021-07-01,82.0,75.0,88.70038461538462,74.58461538461539,1016.6875,3.310828025477707,0.17
2021-07-02,90.0,76.0,81.51758620689655,74.82758620689656,1015.875,3.3879365079365082,4.82
2021-07-03,96.0,76.0,79.9408695652174,75.52173913043478,1015.7333333333332,4.644951140065147,0.0
2021-07-04,92.0,80.0,76.8809090909091,76.22727272727273,1015.4458333333333,6.656730769230769,0.0
2021-07-05,91.0,75.0,82.218,75.64571428571428,1016.1,7.847058823529411,7.45
2021-07-06,85.0,74.0,86.92375,75.88333333333334,1016.9499999999999,9.841543026706232,3.16
2021-07-07,90.0,80.0,79.64681818181818,76.68181818181819,1016.7125,9.723397435897436,0.0
2021-07-08,90.0,78.0,76.99903225806453,75.66451612903225,1018.2166666666667,6.44576802507837,0.0
2021-07-09,90.0,78.0,76.14083333333333,74.75,1020.2958333333332,5.665224358974359,0.0
2021-07-10,88.0,78.0,74.12387096774194,73.01290322580645,1020.1208333333334,6.279652996845426,0.15
2021-07-11,88.0,75.0,78.56941176470589,74.20588235294117,1019.525,8.035579937304075,2.98
2021-07-12,85.0,71.0,79.69413043478262,73.4608695652174,1020.6166666666667,6.917267267267267,11.74
2021-07-13,85.0,75.2,86.21041666666667,75.1875,1021.5333333333333,9.917462686567164,14.42
2021-07-14,88.0,76.0,80.31296296296296,74.16296296296296,1021.7375000000001,8.013492063492064,0.24
2021-07-15,89.0,80.0,73.14307692307692,74.3076923076923,1020.0708333333333,8.920873786407768,0.0
2021-07-16,89.0,80.0,73.77161290322582,74.23870967741935,1018.8291666666668,10.245454545454546,1.0
2021-07-17,88.0,77.0,76.21806451612902,73.70967741935483,1019.8083333333334,7.059119496855346,5.41
2021-07-18,89.0,81.0,71.9373076923077,74.26923076923077,1020.3083333333334,9.397770700636944,0.0
2021-07-19,89.0,81.0,73.56916666666667,75.29166666666667,1019.2416666666667,9.531291390728477,0.0
2021-07-20,89.0,79.0,80.97166666666666,76.76190476190476,1017.1869565217391,6.478923076923077,4.44
2021-07-21,91.0,78.0,75.38931034482758,75.93103448275862,1018.0260869565217,5.169558359621451,0.25
2021-07-22,92.0,81.0,71.29653846153846,75.61538461538461,1020.25,4.950160256410257,2.4
2021-07-23,91.0,78.0,77.54764705882353,76.52941176470588,1019.2583333333333,5.103571428571429,5.68
2021-07-24,90.0,78.0,79.03285714285714,75.10714285714286,1015.6583333333333,5.220634920634921,0.0
2021-07-25,90.0,78.0,78.98757575757577,75.25454545454545,1013.7166666666667,4.298125,1.3599999999999999
2021-07-26,90.0,79.0,73.8967741935484,75.13548387096773,1014.2208333333333,6.02037617554859,0.0
2021-07-27,91.0,80.0,76.10233333333333,76.03333333333333,1016.2333333333332,3.399050632911392,0.0
2021-07-28,91.0,79.0,71.83515151515151,74.93939393939394,1017.0500000000001,3.457255520504732,0.0
2021-07-29,90.0,77.0,72.25464285714285,73.60714285714286,1016.8125,3.3071656050955416,3.9099999999999997
2021-07-30,92.0,77.0,76.95241379310345,75.69655172413792,1017.5375,3.460917721518987,0.77
2021-07-31,92.0,81.0,71.67,76.07692307692308,1018.4291666666667,4.687898089171974,0.0
2021-08-01,92.0,82.0,70.91516129032257,76.03225806451613,1018.1999999999999,4.978481012658228,0.0
2021-08-02,91.0,79.0,77.26387096774194,76.93548387096774,1017.8958333333334,3.7302215189873418,1.84
2021-08-03,88.0,73.4,80.57300000000001,76.35333333333332,1016.8521739130434,6.921766561514195,2.4
2021-08-04,91.0,73.0,85.28735294117647,73.25294117647059,1017.2833333333333,4.392857142857143,18.830000000000002
2021-08-05,92.0,79.0,74.06655172413792,75.22068965517242,1018.1875,4.3743670886075945,0.0
2021-08-06,91.0,83.0,72.62666666666667,76.45833333333333,1018.9916666666667,6.9,0.0
2021-08-07,90.0,78.0,74.11457142857144,76.06285714285714,1018.7624999999999,4.854361370716511,0.13999999999999999
2021-08-08,90.0,79.0,77.9078125,76.7125,1018.3416666666667,3.75546875,0.2
2021-08-09,91.0,83.0,70.615,75.625,1018.9499999999999,7.718269230769231,1.6400000000000001
2021-08-10,92.0,79.0,72.91714285714286,75.64285714285714,1019.9291666666667,8.574050632911392,0.36
2021-08-11,91.0,80.0,73.11999999999999,75.07142857142857,1019.0541666666667,9.112380952380953,0.05
2021-08-12,91.0,76.0,73.04147058823528,74.48823529411764,1017.9166666666666,9.460714285714285,2.08
2021-08-13,90.0,75.0,85.86755555555555,76.15111111111112,1017.2666666666668,9.248348348348348,7.82
2021-08-14,87.0,80.0,78.38379310344828,75.86206896551724,1017.3958333333334,12.403312302839117,1.1400000000000001
2021-08-15,86.0,76.0,84.07363636363635,75.07727272727273,1016.3791666666666,9.11686746987952,7.47
2021-08-16,90.0,80.0,75.99413793103449,76.58620689655173,1014.4041666666667,6.7937898089171975,0.08
2021-08-17,91.0,81.0,76.24115384615385,77.42307692307692,1015.9875000000001,8.460191082802547,0.0
2021-08-18,91.0,84.0,73.13291666666667,76.83333333333333,1018.5083333333333,12.900641025641026,0.0
2021-08-19,92.0,81.0,72.68925925925926,75.6148148148148,1018.3625000000001,7.438375796178344,0.6
2021-08-20,91.0,79.0,70.7776923076923,74.46923076923078,1015.0416666666666,4.072916666666667,0.0
2021-08-21,91.0,80.0,70.85458333333334,74.75,1014.6458333333334,6.083870967741936,0.0
2021-08-22,91.0,82.0,74.16916666666667,77.16666666666667,1016.0958333333333,7.364423076923076,0.0
2021-08-23,91.0,83.0,73.9825,77.16666666666667,1016.1875,6.896314102564103,0.15
2021-08-24,90.0,84.0,69.67375,75.58333333333333,1016.3458333333333,10.947115384615385,0.0
2021-08-25,90.0,74.0,70.13740740740741,72.70370370370371,1016.3583333333332,11.86624203821656,0.88
2021-08-26,89.6,74.0,79.39970588235295,74.89999999999999,1014.8291666666668,9.910714285714286,0.9700000000000001
2021-08-27,90.0,78.0,73.13464285714285,75.60714285714286,1014.5958333333333,13.3882096069869,0.02
2021-08-28,90.0,84.0,73.57178571428572,76.60714285714286,1016.4541666666668,14.316772151898736,0.0
2021-08-29,90.0,83.0,74.46416666666667,76.45833333333333,1017.8958333333334,8.960416666666667,0.17
2021-08-30,89.6,80.0,75.98105263157895,75.39473684210526,1015.8708333333334,4.3160493827160495,4.36
2021-08-31,93.0,74.0,78.64322580645161,73.74193548387096,1013.6625,3.055817610062893,10.44
2021-09-01,96.0,77.0,71.08675675675676,73.46486486486486,1013.3458333333333,3.578971962616822,0.18
2021-09-02,88.0,74.0,80.9609375,74.19375,1014.4083333333333,3.83453125,4.13
2021-09-03,84.0,75.0,88.42473684210526,74.27368421052631,1014.9250000000001,2.484567901234568,13.040000000000001
2021-09-04,91.0,75.0,84.0660606060606,74.76969696969697,1014.3083333333334,2.976898734177215,5.79
2021-09-05,92.0,76.0,85.8021875,75.9125,1014.5708333333333,2.3878980891719745,4.24
2021-09-06,92.0,77.0,78.75413793103448,74.46206896551725,1015.2624999999999,3.198095238095238,0.78
2021-09-07,90.0,76.0,76.60275862068966,74.17241379310344,1015.296,3.1688888888888886,0.61
2021-09-08,89.0,79.0,79.77233333333334,75.16666666666667,1015.1125000000001,2.4813880126182966,4.18
2021-09-09,92.0,77.0,77.53444444444443,75.70370370370371,1014.5083333333333,3.6829581993569134,0.0
2021-09-10,90.0,79.0,70.840625,74.6625,1015.2916666666666,4.2827586206896555,0.0
2021-09-11,90.0,76.0,71.84375,73.45833333333333,1018.3458333333333,5.296634615384615,0.0
2021-09-12,90.0,77.0,76.4596875,75.5625,1020.1750000000001,8.75297805642633,4.58
2021-09-13,89.0,79.0,82.54392857142857,76.35714285714286,1019.1458333333334,4.741930379746836,0.77
2021-09-14,89.0,77.0,77.65166666666666,74.95833333333333,1015.9166666666666,6.001446945337621,0.0
2021-09-15,90.0,77.0,77.92766666666667,74.06666666666666,1013.7416666666667,3.9173015873015875,2.12
2021-09-16,87.0,77.0,81.0525,74.79166666666667,1014.8125,3.7162379421221865,0.13999999999999999
2021-09-17,91.0,75.0,84.17676470588236,74.59411764705882,1017.9875000000001,4.4275,18.29
2021-09-18,91.0,75.0,82.46692307692307,75.23076923076923,1017.7708333333334,2.8934294871794872,0.2
2021-09-19,89.0,77.0,82.51518518518517,75.93333333333332,1016.2708333333334,2.270793650793651,4.92
2021-09-20,88.0,77.0,80.1337037037037,75.29629629629629,1015.8583333333332,3.373333333333333,0.0
2021-09-21,87.0,80.0,78.3978125,75.53125,1016.125,3.518495297805642,0.0
2021-09-22,88.0,75.2,85.06371428571428,74.86857142857143,1014.5041666666666,5.003761755485893,0.33
2021-09-23,88.0,75.0,85.02499999999999,75.02941176470588,1012.3249999999999,3.1435855263157895,21.99
2021-09-24,89.0,76.0,88.72266666666665,75.66666666666667,1013.7608695652174,1.808303886925795,4.29
2021-09-25,90.0,75.0,84.78114285714287,74.46857142857144,1015.1041666666666,2.6845201238390093,16.9
2021-09-26,89.0,76.0,81.42518518518519,74.25925925925925,1016.5749999999999,5.936688311688312,0.18
2021-09-27,88.0,77.0,65.235,68.875,1017.3791666666666,6.454006410256411,0.0
2021-09-28,88.0,77.0,62.68125,67.58333333333333,1015.7083333333334,6.417147435897435,0.0
2021-09-29,88.0,74.0,68.99249999999999,69.54166666666667,1014.8000000000001,6.966666666666667,0.0
2021-09-30,88.0,75.0,69.39692307692307,70.73076923076923,1015.3291666666668,6.149203821656051,0.0
2021-10-01,83.0,74.0,83.03756756756756,72.77297297297297,1016.8874999999999,5.084769230769231,6.29
2021-10-02,86.0,76.0,73.92642857142857,71.21428571428571,1017.8708333333334,9.003481012658227,4.29
2021-10-03,86.0,80.0,64.05833333333334,69.0,1015.8541666666666,10.309455128205128,0.27999999999999997
2021-10-04,87.0,74.0,70.58583333333333,70.125,1014.2958333333332,5.635369774919614,0.0
2021-10-05,87.0,76.0,73.83730769230769,72.74615384615385,1014.7291666666666,6.032006369426751,0.0
2021-10-06,89.0,77.0,76.2373076923077,74.8076923076923,1016.5916666666667,7.491639871382637,0.0
2021-10-07,89.0,82.0,76.81791666666668,76.29166666666667,1017.1541666666667,10.142926045016077,0.0
2021-10-08,88.0,79.0,77.44538461538461,75.73076923076923,1015.9833333333332,6.694904458598725,0.62
2021-10-09,88.0,73.0,82.17764705882352,72.89411764705882,1013.6625,4.793457943925234,4.75
2021-10-10,89.0,73.0,78.45666666666666,71.33333333333333,1011.6208333333334,4.063826366559486,1.06
2021-10-11,84.0,75.0,79.41032258064516,71.29677419354839,1011.9166666666666,3.591037735849057,1.11
2021-10-12,86.0,74.0,78.55615384615385,72.84615384615384,1013.4666666666667,5.228274760383386,0.0
2021-10-13,87.0,76.0,76.60000000000001,72.875,1013.6708333333332,4.747909967845659,0.33999999999999997
2021-10-14,87.0,77.0,74.61416666666666,73.04166666666667,1012.8958333333334,5.278205128205128,0.06
2021-10-15,86.0,77.0,75.6075,72.79166666666667,1012.9833333333332,4.780608974358974,1.36
2021-10-16,90.0,76.0,70.22875,70.66666666666667,1013.5541666666667,4.0212903225806444,0.0
2021-10-17,91.0,75.0,74.21846153846154,71.73076923076923,1014.1125000000001,3.9004777070063694,8.22
2021-10-18,84.0,77.0,64.74374999999999,66.58333333333333,1016.0958333333333,8.260096153846154,0.0
2021-10-19,84.0,74.0,58.57375,62.916666666666664,1018.2416666666667,8.776121794871795,0.0
2021-10-20,85.0,77.0,62.623333333333335,66.45833333333333,1019.9666666666667,10.998717948717948,0.0
2021-10-21,86.0,77.0,65.9584,69.08,1019.1541666666667,9.365865384615384,0.0
2021-10-22,82.0,74.0,86.68763157894738,74.38421052631578,1016.1875,4.162576687116564,5.41
2021-10-23,86.0,75.0,85.32071428571429,73.96428571428571,1014.3833333333333,4.596360759493671,0.0
2021-10-24,86.0,77.0,80.58583333333333,74.875,1015.1666666666666,4.740064102564102,0.0
2021-10-25,87.0,77.0,86.37783783783784,76.9945945945946,1015.0666666666666,6.4116923076923085,2.23
2021-10-26,88.0,78.0,82.55758620689656,76.2344827586207,1012.9458333333333,7.748895899053628,0.01
2021-10-27,89.0,75.2,80.14285714285714,73.67142857142858,1011.475,6.189490445859873,0.0
2021-10-28,90.0,76.0,79.63230769230769,75.3076923076923,1010.6833333333334,7.456687898089172,0.13
2021-10-29,85.0,75.2,82.24514285714285,73.36571428571429,1008.5541666666667,10.139938080495355,3.77
2021-10-30,82.0,73.0,71.1025,67.0,1008.3583333333332,7.683922829581993,0.12
2021-10-31,83.0,67.0,65.43249999999999,62.875,1013.2291666666666,3.45,0.0
2021-11-01,82.0,68.0,68.83416666666666,64.79166666666667,1017.6416666666668,6.494551282051282,0.0
2021-11-02,77.0,72.0,86.67814814814814,69.85185185185185,1018.2624999999999,3.381907894736842,0.64
2021-11-03,83.0,72.0,72.90416666666667,67.66666666666667,1017.2375000000001,5.321061093247588,0.0
2021-11-04,83.0,74.0,72.17666666666666,69.33333333333333,1015.9041666666667,5.045993589743589,0.22
2021-11-05,79.0,72.0,92.18244897959183,71.86122448979592,1013.0916666666667,6.487091988130564,12.89
2021-11-06,76.0,67.0,84.63962962962962,68.05925925925925,1011.6916666666666,7.885714285714286,0.0
2021-11-07,75.0,58.0,73.39538461538461,57.34615384615385,1015.7416666666667,9.042515923566878,0.0
2021-11-08,76.0,62.0,71.07923076923076,57.53846153846154,1018.5416666666666,7.163694267515924,0.0
2021-11-09,79.0,62.0,70.03583333333333,58.833333333333336,1020.1750000000001,6.129647435897436,0.0
2021-11-10,82.0,66.0,72.02125,64.16666666666667,1018.8375,4.920673076923077,0.0
2021-11-11,82.0,75.0,79.11,70.5,1017.6541666666667,10.254166666666666,0.12
2021-11-12,80.0,75.0,87.28875,73.33333333333333,1017.3166666666666,3.4426045016077174,0.73
2021-11-13,84.0,71.0,80.58458333333333,70.16666666666667,1015.8416666666667,3.135691318327974,0.0
2021-11-14,77.0,67.0,73.72192307692308,62.96153846153846,1017.0124999999999,5.585191082802548,0.0
2021-11-15,77.0,60.0,68.37208333333334,57.208333333333336,1019.8458333333333,6.951768488745981,0.0
2021-11-16,77.0,64.0,76.05875,62.458333333333336,1020.9250000000001,7.208899676375405,0.0
2021-11-17,80.0,73.0,69.35875,65.70833333333333,1021.0166666666668,12.180385852090032,0.0
2021-11-18,80.0,71.0,82.3975,70.75,1019.8416666666667,10.328025477707007,4.03
2021-11-19,82.0,71.0,91.88595238095238,72.46190476190476,1017.6791666666667,6.9766666666666675,5.21
2021-11-20,80.0,73.0,85.30999999999999,71.00714285714285,1017.4499999999999,10.22626582278481,0.16
2021-11-21,82.0,73.0,91.2490243902439,72.96585365853659,1016.7583333333333,8.758231707317073,8.73
2021-11-22,83.0,71.6,91.39756097560976,71.85853658536585,1013.5625,4.304587155963302,0.0
2021-11-23,73.0,64.0,64.95666666666666,55.083333333333336,1015.0875,9.02676282051282,0.0
2021-11-24,76.0,58.0,65.81,53.833333333333336,1020.7916666666666,8.562339743589742,0.0
2021-11-25,77.0,66.0,63.286249999999995,58.416666666666664,1021.1374999999999,5.200967741935484,0.0
2021-11-26,79.0,66.0,66.66708333333334,59.916666666666664,1017.6208333333334,3.2583333333333333,0.0
2021-11-27,76.0,65.0,68.48208333333334,59.166666666666664,1017.1625,4.215434083601286,0.0
2021-11-28,77.0,60.0,67.40375,56.833333333333336,1017.1333333333333,2.237138263665595,0.0
2021-11-29,74.0,62.0,51.00208333333333,48.666666666666664,1016.4583333333334,4.866237942122186,0.0
2021-11-30,77.0,59.0,64.1875,55.208333333333336,1019.3083333333334,2.8731511254019293,0.0
2021-12-01,79.0,63.0,67.55291666666666,59.0,1021.0083333333333,3.9085209003215433,0.0
2021-12-02,81.0,63.0,70.01583333333333,60.708333333333336,1019.9333333333334,3.272508038585209,0.0
2021-12-03,79.0,64.0,61.528333333333336,56.5,1019.3625000000001,3.8951612903225805,0.0
2021-12-04,79.0,64.0,68.94916666666667,60.666666666666664,1019.725,4.1134615384615385,0.0
2021-12-05,82.0,66.0,73.87583333333333,64.91666666666667,1019.6625,4.241318327974277,0.0
2021-12-06,82.0,73.0,89.61783783783784,73.12972972972973,1018.9541666666668,4.161230769230769,2.49
2021-12-07,85.0,69.0,79.63153846153847,67.73076923076923,1018.4166666666666,2.712820512820513,0.0
2021-12-08,83.0,67.0,78.10291666666667,67.79166666666667,1017.8916666666668,3.2207395498392284,0.0
2021-12-09,84.0,69.0,83.12360000000001,70.12,1018.6333333333333,2.7423076923076923,0.0
2021-12-10,82.0,71.0,79.82533333333335,70.80666666666666,1019.7291666666666,5.015880503144654,0.0
2021-12-11,82.0,71.0,79.0125,70.04166666666667,1019.0291666666667,7.437903225806451,0.0
2021-12-12,84.0,71.0,79.69583333333334,70.16666666666667,1020.2916666666666,5.598878205128205,0.0
2021-12-13,83.0,74.0,71.90958333333333,67.91666666666667,1022.8958333333334,7.2317307692307695,0.0
2021-12-14,82.0,73.0,75.34291666666667,68.16666666666667,1023.5166666666668,6.695967741935484,0.0
2021-12-15,82.0,71.0,80.94133333333333,69.56,1022.1958333333333,8.242879746835444,3.32
2021-12-16,82.0,74.0,73.58115384615384,68.8076923076923,1020.9499999999999,14.12595541401274,0.0
2021-12-17,82.0,71.0,75.45666666666666,68.37037037037037,1020.9416666666666,10.89031746031746,0.0
2021-12-18,83.0,74.0,82.04633333333332,72.01333333333334,1019.5958333333333,10.932232704402516,0.0
2021-12-19,85.0,73.0,86.4375,73.23571428571428,1016.7541666666666,7.1875,2.39
2021-12-20,82.0,72.0,87.39794871794872,71.33333333333333,1015.4041666666667,4.293098159509202,0.0
2021-12-21,79.0,73.0,88.8851851851852,71.08888888888889,1010.7958333333332,7.8126984126984125,0.72
2021-12-22,73.0,62.0,78.69625,59.60625,1012.4708333333333,8.153536977491962,0.0
2021-12-23,75.0,56.0,62.79916666666667,50.208333333333336,1018.75,4.083828382838283,0.0
2021-12-24,78.0,59.0,68.2275,56.583333333333336,1020.7666666666668,4.8847266881028935,0.0
2021-12-25,79.0,63.0,73.04208333333334,61.208333333333336,1019.6416666666668,4.448878205128205,0.0
2021-12-26,82.0,65.0,77.14041666666667,64.75,1019.4625,2.769614147909968,0.0
2021-12-27,81.0,67.0,75.88,64.54166666666667,1018.975,2.639102564102564,0.0
2021-12-28,78.0,66.0,78.26,65.3076923076923,1017.8083333333334,5.065127388535032,0.0
2021-12-29,81.0,70.0,79.1825,67.625,1018.1416666666668,5.746314102564102,0.0
2021-12-30,82.0,71.0,85.34041666666667,70.95833333333333,1018.6291666666666,5.547275641025641,0.0
2021-12-31,82.0,69.0,84.96,70.08333333333333,1018.85,3.394711538461538,0.0
2022-01-01,80.0,71.0,81.2196,69.16,1018.692,7.844249201277956,0.0
2022-01-02,82.0,72.0,80.70541666666666,69.5,1017.9375,7.65064308681672,0.0
2022-01-03,80.0,69.0,81.84961538461539,66.55384615384615,1018.4541666666668,6.110063897763578,0.0
2022-01-04,77.0,62.0,63.884166666666665,55.916666666666664,1020.0124999999999,6.549839743589743,0.0
2022-01-05,79.0,69.0,81.96862068965518,67.24137931034483,1016.4583333333334,5.834235668789809,1.85
2022-01-06,79.0,63.0,74.58583333333333,61.25,1016.3083333333334,4.177096774193548,0.0
2022-01-07,82.0,70.0,80.68653846153846,68.38461538461539,1018.3375,3.9011254019292605,0.0
2022-01-08,79.0,73.0,80.08500000000001,68.53846153846153,1023.6666666666666,9.008333333333333,0.39
2022-01-09,78.0,72.0,83.52090909090909,69.0,1025.5333333333333,13.13722741433022,2.64
2022-01-10,80.0,71.0,84.05482758620688,69.82758620689656,1021.8791666666666,4.984542586750789,0.0
2022-01-11,75.0,65.0,83.68242424242425,65.11515151515152,1021.8208333333333,7.498432601880878,0.0
2022-01-12,75.0,66.0,79.59375,62.65625,1020.6875,9.473125,7.29
2022-01-13,77.0,66.0,74.01375,61.166666666666664,1015.5666666666666,4.807741935483871,0.04
2022-01-14,71.0,58.0,65.34333333333333,51.708333333333336,1014.5833333333334,6.541318327974277,0.0
2022-01-15,74.0,52.0,58.083999999999996,47.64,1017.1125000000001,2.8361736334405143,0.0
2022-01-16,77.0,66.2,82.18029411764707,63.905882352941184,1012.7166666666667,10.542857142857143,1.06
2022-01-17,74.0,60.0,68.18583333333333,55.083333333333336,1014.2708333333334,7.214308681672026,0.0
2022-01-18,69.0,54.0,60.56791666666667,46.875,1020.3166666666666,4.361038961038961,0.0
2022-01-19,75.0,57.0,66.14041666666667,52.75,1021.9458333333333,4.55192926045016,0.0
2022-01-20,81.0,64.0,81.26,65.55172413793103,1019.3666666666667,5.109076433121019,18.65
2022-01-21,81.0,70.0,90.3470731707317,70.05853658536586,1017.4458333333333,3.8874233128834352,20.38
2022-01-22,78.0,67.0,89.59454545454545,68.74545454545455,1017.9541666666668,4.2453271028037385,0.0
2022-01-23,67.0,57.0,89.43166666666666,58.25333333333333,1017.7083333333334,7.623270440251572,0.03
2022-01-24,64.0,46.0,66.83777777777777,41.18518518518518,1016.6416666666668,6.606070287539936,0.0
2022-01-25,73.0,51.0,60.76666666666667,46.916666666666664,1016.2541666666666,3.553536977491962,0.0
2022-01-26,81.0,68.0,76.70346153846154,66.42307692307692,1015.525,8.5078025477707,0.0
2022-01-27,80.0,67.0,90.99051282051282,68.35897435897436,1016.9958333333334,3.9388379204892967,1.29
2022-01-28,74.0,62.6,89.90025,63.529999999999994,1015.4708333333333,5.767530487804878,0.0
2022-01-29,68.0,50.0,58.925,44.49230769230769,1017.5625,11.71608280254777,0.0
2022-01-30,61.0,42.0,38.77708333333333,25.958333333333332,1023.35,8.102614379084967,0.0
2022-01-31,70.0,50.0,45.935833333333335,37.108333333333334,1022.9499999999999,5.720322580645161,0.0
2022-02-01,74.0,56.0,58.143750000000004,50.166666666666664,1021.2083333333334,8.58076923076923,0.0
2022-02-02,77.0,68.0,61.600833333333334,58.041666666666664,1020.0708333333333,14.70673076923077,0.0
2022-02-03,79.0,70.0,70.69208333333333,63.916666666666664,1020.2916666666666,13.456109324758843,0.0
2022-02-04,81.0,71.0,76.28958333333334,67.25,1021.1833333333334,10.744391025641026,0.0
2022-02-05,80.0,67.0,79.95333333333333,66.95833333333333,1020.4666666666667,3.9639871382636653,0.0
2022-02-06,79.0,67.0,80.8351724137931,65.86896551724138,1019.4208333333332,4.629022082018927,0.0
2022-02-07,82.0,66.0,85.31939393939393,66.33939393939393,1018.8625000000001,4.23816199376947,0.0
2022-02-08,82.0,67.0,84.30513513513513,66.32432432432432,1016.8541666666666,4.1000000000000005,0.54
2022-02-09,68.0,63.0,91.0975,61.765,1016.0375,5.728963414634146,1.81
2022-02-10,78.0,58.0,71.55333333333333,56.958333333333336,1017.1708333333332,5.768548387096774,0.0
2022-02-11,80.0,64.0,76.21,63.458333333333336,1016.9958333333334,3.7006410256410254,0.27
2022-02-12,81.0,68.0,83.27916666666667,68.41666666666667,1017.75,5.377724358974358,0.06
2022-02-13,76.0,62.0,87.12277777777778,66.98333333333333,1016.7375000000001,4.553858024691358,5.39
2022-02-14,72.0,56.0,65.22958333333334,51.166666666666664,1022.2624999999999,9.665916398713826,0.0
2022-02-15,76.0,58.0,66.33958333333334,54.041666666666664,1026.1291666666666,10.246463022508038,0.0
2022-02-16,79.0,71.0,67.44111111111111,62.22222222222222,1026.0375000000001,15.650952380952381,0.03
2022-02-17,80.0,72.0,83.39103448275863,69.99310344827586,1022.8666666666667,14.735284810126583,0.09
2022-02-18,83.0,71.0,82.93172413793103,71.48275862068965,1019.4208333333332,7.595094936708861,0.0
2022-02-19,85.0,72.0,88.00128205128206,71.24102564102564,1020.0916666666667,4.472615384615384,0.19999999999999998
2022-02-20,78.0,70.0,75.77827586206897,64.92413793103448,1022.6208333333334,8.767834394904458,2.79
2022-02-21,79.0,71.0,72.44423076923077,64.8923076923077,1023.2083333333334,7.368789808917198,0.0
2022-02-22,82.0,70.0,71.84272727272727,66.72121212121213,1023.0791666666668,10.7404984423676,0.0
2022-02-23,82.0,72.0,72.03653846153847,66.76923076923077,1023.0666666666666,10.935987261146497,0.0
2022-02-24,82.0,71.0,72.44884615384616,66.84615384615384,1022.0478260869564,9.166932907348242,0.0
2022-02-25,82.0,71.0,67.90166666666667,64.54166666666667,1023.15,9.719711538461539,0.0
2022-02-26,81.0,72.0,66.8175,64.5,1022.9541666666668,8.138745980707396,0.0
2022-02-27,83.0,71.0,76.2356,68.44,1020.4,7.59073482428115,0.0
2022-02-28,84.0,72.0,77.26517241379311,66.96551724137932,1016.9166666666666,5.195207667731629,0.14
2022-03-01,82.0,66.0,75.74161290322581,63.46451612903226,1016.0833333333334,6.601582278481012,0.0
2022-03-02,78.0,69.0,73.49296296296296,63.0,1018.2375000000001,5.214077669902913,0.08
2022-03-03,81.0,69.0,70.33916666666667,64.08333333333333,1020.1791666666667,6.015384615384615,0.36
2022-03-04,81.0,70.0,60.67416666666667,60.541666666666664,1021.8666666666667,8.92724358974359,0.0
2022-03-05,81.0,73.0,67.56791666666668,64.875,1023.3125,16.15897435897436,0.0
2022-03-06,82.0,74.0,66.66720000000001,64.76,1023.8416666666667,17.562300319488816,0.05
2022-03-07,82.0,75.0,76.58896551724138,69.62068965517241,1020.6041666666666,16.27776025236593,0.02
2022-03-08,83.0,75.0,80.8953125,71.45625,1017.9083333333333,10.817981072555206,1.0
2022-03-09,84.0,75.0,78.85666666666667,70.91666666666667,1016.1458333333334,9.992467948717948,0.0
2022-03-10,84.0,75.0,82.91914285714286,73.46285714285713,1016.0500000000001,8.91517027863777,0.09
2022-03-11,85.0,74.0,83.40925925925927,72.75555555555556,1016.3041666666667,7.5870607028754,0.0
2022-03-12,88.0,67.0,76.67566666666667,69.20666666666666,1013.8791666666666,12.237735849056603,0.0
2022-03-13,73.0,52.0,59.03916666666667,48.541666666666664,1022.3291666666668,11.329354838709676,0.0
2022-03-14,75.0,67.0,67.4436,58.84,1024.2333333333333,9.975239616613418,0.28
2022-03-15,79.0,70.0,92.03893617021276,71.02127659574468,1021.0166666666668,10.17042042042042,5.87
2022-03-16,84.0,72.0,83.9265625,71.85625,1017.2166666666667,7.5684375,0.0
2022-03-17,82.0,73.0,84.11064516129032,72.20645161290322,1016.475,5.822100313479623,0.0
2022-03-18,85.0,69.0,83.71185185185185,71.25185185185185,1017.6916666666666,6.4071428571428575,0.0
2022-03-19,85.0,75.0,80.59346153846153,72.56153846153846,1018.8666666666667,9.031528662420383,0.0
2022-03-20,85.0,72.0,81.845,72.25333333333333,1019.2624999999999,5.282018927444795,0.32
2022-03-21,79.0,72.0,69.92666666666666,64.79166666666667,1020.5083333333333,11.116666666666667,0.0
2022-03-22,81.0,72.0,64.51458333333333,63.0,1018.7125,14.725160256410257,0.0
2022-03-23,85.0,76.0,74.67323529411765,70.71176470588235,1016.1541666666667,13.5,0.0
2022-03-24,86.0,78.0,75.23615384615384,72.3076923076923,1015.1,11.688585209003216,0.0
2022-03-25,81.0,68.0,74.3375,63.00588235294117,1014.8791666666666,7.121993670886076,3.84
2022-03-26,79.0,63.0,52.986250000000005,51.291666666666664,1015.9333333333334,5.9509708737864075,0.0
2022-03-27,81.0,62.0,49.97625,48.958333333333336,1018.0375,7.354823151125402,0.0
2022-03-28,83.0,63.0,54.22833333333333,54.0,1020.3958333333334,4.867961165048544,0.0
2022-03-29,84.0,65.0,59.50208333333333,58.583333333333336,1021.1625,5.87572347266881,0.0
2022-03-30,83.0,73.0,64.12333333333333,63.833333333333336,1018.8583333333332,13.855288461538462,0.0
2022-03-31,84.0,77.0,69.56769230769231,68.88461538461539,1015.0124999999999,15.55796178343949,0.0
2022-04-01,87.0,77.0,78.3934375,73.59375,1015.4250000000001,10.31765625,0.0
2022-04-02,87.0,76.0,80.48185185185186,73.3851851851852,1015.9916666666667,7.23328025477707,0.0
2022-04-03,86.0,71.0,76.92785714285715,68.82142857142857,1013.9375,6.108441558441559,2.1
2022-04-04,81.0,75.0,80.37441176470588,71.57058823529412,1013.7416666666667,8.1,0.29
2022-04-05,86.0,77.0,79.2025,73.60714285714286,1013.9416666666666,10.128135048231512,0.0
2022-04-06,89.0,79.0,77.74285714285715,74.82142857142857,1013.0916666666667,9.723726114649681,0.0
2022-04-07,91.0,79.0,75.35206896551725,74.59310344827585,1012.5124999999999,10.339116719242902,1.0
2022-04-08,82.0,72.0,63.91148148148148,62.91851851851852,1014.1999999999999,7.632154340836013,0.0
2022-04-09,81.0,65.0,49.942499999999995,51.25,1017.5416666666666,7.814102564102564,0.0
2022-04-10,77.0,57.0,50.324999999999996,48.458333333333336,1020.2125,9.019391025641026,0.0
2022-04-11,80.0,67.0,57.51416666666666,57.083333333333336,1020.9125,11.662179487179486,0.0
2022-04-12,82.0,73.0,56.33708333333333,59.708333333333336,1020.8666666666667,14.142394822006473,0.0
2022-04-13,82.0,74.0,64.50958333333334,64.83333333333333,1018.7916666666666,14.253365384615385,0.0
2022-04-14,86.0,75.0,73.95857142857143,70.86428571428571,1016.6374999999999,11.984018987341772,0.0
2022-04-15,82.0,72.0,84.59702702702702,72.2918918918919,1016.5666666666666,6.753115264797508,30.22
2022-04-16,84.0,74.0,75.59033333333333,69.56666666666666,1016.2583333333333,11.160062893081761,0.0
2022-04-17,85.0,74.0,70.21814814814815,69.54074074074073,1015.0749999999999,10.718730158730159,0.0
2022-04-18,86.0,76.0,71.4725,70.0,1013.375,7.986614173228346,0.0
2022-04-19,88.0,73.0,72.56458333333333,68.75,1015.2375000000001,8.097916666666666,0.0
2022-04-20,82.0,76.0,64.03625,64.54166666666667,1020.1041666666666,14.696788990825688,0.0
2022-04-21,83.0,74.0,63.78916666666667,63.666666666666664,1022.2875,13.237942122186496,0.02
2022-04-22,83.0,71.6,69.24892857142858,66.17857142857143,1021.8333333333334,14.520569620253164,1.95
2022-04-23,84.0,75.0,63.91291666666666,64.75,1020.3208333333333,14.094871794871796,0.0
2022-04-24,84.0,74.0,63.848749999999995,65.25,1019.0,14.288102893890676,0.0
2022-04-25,83.0,75.0,66.00791666666667,66.41666666666667,1018.9041666666667,12.978044871794872,0.0
2022-04-26,84.0,74.0,64.31375,65.625,1019.2458333333334,10.59774919614148,0.0
2022-04-27,84.0,73.0,67.29458333333334,66.125,1017.875,7.581067961165049,0.0
2022-04-28,88.0,74.0,67.67576923076923,66.42307692307692,1016.25,5.10702875399361,0.49
2022-04-29,84.0,73.0,74.1275,68.0875,1016.2375000000001,5.9153125,0.52
2022-04-30,83.0,70.0,79.5464705882353,68.5,1016.1708333333332,7.014285714285714,9.290000000000001
2022-05-01,84.0,72.0,73.65107142857143,67.74285714285715,1017.225,7.491428571428572,1.55
2022-05-02,85.0,75.0,69.0775,68.375,1018.0124999999999,10.847596153846153,0.0
2022-05-03,85.0,77.0,75.52774193548387,71.35483870967742,1017.5041666666666,11.325867507886436,0.14
2022-05-04,87.0,75.0,76.49689655172413,72.35862068965517,1016.875,4.487539432176656,2.19
2022-05-05,91.0,72.0,75.0761111111111,70.67777777777778,1016.65,4.977399380804954,0.0
2022-05-06,92.0,76.0,69.41346153846153,71.38461538461539,1015.1291666666666,6.173878205128205,0.0
2022-05-07,92.0,78.0,67.42416666666666,71.54166666666667,1011.9125,10.445833333333333,0.0
2022-05-08,92.0,75.0,69.77269230769231,70.23076923076923,1010.5958333333333,6.881687898089171,0.95
2022-05-09,87.0,73.0,72.83576923076923,70.5,1013.0625,7.4750000000000005,0.0
2022-05-10,84.0,74.0,60.819583333333334,63.5,1016.3333333333334,9.266346153846154,0.0
2022-05-11,85.0,68.0,63.514399999999995,61.88,1015.3583333333332,8.680288461538462,0.0
2022-05-12,81.0,68.0,70.43535714285714,64.89285714285714,1013.5166666666668,6.677301587301587,0.66
2022-05-13,85.0,70.0,78.2912,68.96,1013.7041666666668,4.289389067524116,0.41000000000000003
2022-05-14,88.0,74.0,72.5896,70.36,1013.9666666666667,5.139871382636656,0.0
2022-05-15,87.0,76.0,77.14571428571428,72.65714285714286,1013.6708333333332,4.181487341772152,0.6
2022-05-16,87.0,73.0,79.59833333333333,71.18,1013.725,4.639905362776025,2.24
2022-05-17,88.0,74.0,75.88653846153846,71.23076923076923,1015.3041666666667,5.300320512820513,0.0
2022-05-18,90.0,76.0,70.85346153846154,71.36923076923077,1016.4791666666666,5.580448717948718,0.0
2022-05-19,89.0,78.0,75.03875000000001,73.95833333333333,1015.8041666666667,6.090192926045016,0.0
2022-05-20,89.0,75.0,83.11682926829268,74.96585365853659,1016.5291666666667,9.736432926829268,10.88
2022-05-21,88.0,80.0,79.34222222222223,76.66666666666667,1020.1958333333333,13.10924092409241,0.0
2022-05-22,88.0,81.0,75.1296,75.12,1021.4791666666666,14.240894568690095,0.0
2022-05-23,88.0,80.0,71.49538461538462,72.96153846153847,1019.2333333333332,13.276273885350319,0.0
2022-05-24,87.0,79.0,69.20592592592592,71.36296296296297,1017.2458333333334,13.119614147909967,0.24
2022-05-25,87.0,79.0,66.96,70.625,1017.6583333333333,14.475161290322582,0.0
2022-05-26,86.0,79.0,69.2525,71.125,1018.7375000000001,12.423357664233576,0.0
2022-05-27,89.0,78.0,70.51791666666666,72.08333333333333,1016.6,10.021955128205128,0.0
2022-05-28,88.0,74.0,72.49689655172413,72.46206896551725,1014.2708333333334,6.849211356466876,0.26
2022-05-29,88.0,70.0,84.91540540540541,71.6054054054054,1014.9250000000001,5.5249999999999995,5.65
2022-05-30,87.0,71.0,83.44363636363636,71.45454545454545,1016.2541666666666,6.627917981072556,7.2299999999999995
2022-05-31,85.0,76.0,80.53074074074074,72.82962962962964,1015.9625,4.6657142857142855,0.54
2022-06-01,90.0,68.0,81.15685714285715,71.05142857142857,1013.3333333333334,4.689285714285714,23.63
2022-06-02,87.0,74.0,81.49354838709678,73.1741935483871,1012.2958333333332,5.184012539184953,2.64
2022-06-03,80.0,72.0,93.20302325581396,72.97209302325582,1011.4625,7.5531722054380666,11.42
2022-06-04,85.0,72.0,95.05607142857143,74.75357142857142,1005.5375,9.447383720930233,62.98
2022-06-05,87.0,73.0,85.17428571428572,73.85714285714286,1007.3375,6.081170886075949,0.06
2022-06-06,87.0,77.0,79.62161290322581,74.81290322580645,1011.7583333333333,5.576415094339622,0.08
2022-06-07,86.0,75.0,88.13589743589743,74.76923076923077,1014.5749999999999,6.694769230769231,0.7
2022-06-08,87.0,73.0,79.05870967741936,73.16774193548386,1016.1083333333332,4.6,0.15
2022-06-09,90.0,73.0,85.41111111111111,73.25925925925925,1016.6041666666666,3.8202054794520546,2.21
2022-06-10,88.0,75.0,82.07771428571428,72.92571428571429,1015.4875000000001,4.542857142857143,0.49
2022-06-11,86.0,73.0,81.47814814814814,72.11111111111111,1015.1583333333333,4.20812101910828,0.21000000000000002
2022-06-12,89.0,75.0,80.6525,74.78571428571429,1016.7708333333334,4.056230031948881,7.05
2022-06-13,91.0,77.0,73.64814814814815,75.33333333333333,1018.5083333333333,4.666559485530547,0.0
2022-06-14,89.0,80.0,78.19862068965519,76.82758620689656,1018.0416666666666,6.0547318611987375,0.54
2022-06-15,89.0,80.0,72.90366666666667,74.60666666666665,1016.8833333333333,6.514240506329114,0.0
2022-06-16,90.0,81.0,73.15357142857144,74.78571428571429,1017.5625,7.803891050583657,0.0
2022-06-17,90.0,74.0,76.91266666666667,74.6,1015.9791666666666,6.167192429022082,0.79
2022-06-18,90.0,78.0,71.80624999999999,73.66666666666667,1013.8333333333334,4.929099678456592,0.0
2022-06-19,91.0,77.0,77.795,73.05882352941177,1015.0916666666667,4.478193146417445,11.93
2022-06-20,89.0,77.0,79.34967741935485,74.98064516129033,1018.6416666666668,2.996529968454259,0.08
2022-06-21,87.0,78.0,73.45884615384615,72.46153846153847,1019.2458333333334,7.112824675324675,1.8599999999999999
2022-06-22,86.0,76.0,66.09625,68.20833333333333,1016.5375,9.200000000000001,0.21
2022-06-23,88.0,77.0,62.67416666666667,67.95833333333333,1013.6374999999999,5.5133440514469445,0.0
2022-06-24,90.0,78.0,67.2556,71.768,1013.7833333333333,6.319488817891374,0.0
2022-06-25,89.0,77.0,75.90939393939394,73.66060606060607,1015.3833333333333,4.933753943217666,5.17
2022-06-26,89.0,78.0,75.8312,73.68,1016.0749999999999,3.3762820512820517,0.0
2022-06-27,90.0,78.0,67.83407407407407,72.37037037037037,1016.0875,4.988263665594855,0.0
2022-06-28,88.0,80.0,69.70083333333334,72.70833333333333,1017.5,6.933264462809917,0.0
2022-06-29,91.0,78.0,69.98533333333333,72.46666666666667,1019.5333333333333,5.328333333333333,0.0
2022-06-30,89.0,80.0,71.405,74.39285714285714,1019.7291666666666,11.399375000000001,0.0
2022-07-01,89.0,81.0,70.2076,74.0,1018.4,10.941533546325878,0.03
2022-07-02,90.0,81.0,69.39125,73.95833333333333,1017.4916666666667,10.821794871794872,0.0
2022-07-03,90.0,82.0,67.875,73.33333333333333,1018.4125,10.427403846153846,0.0
2022-07-04,90.0,81.0,68.64576923076923,73.73076923076923,1018.6291666666666,10.298726114649682,0.0
2022-07-05,91.0,82.0,71.27133333333333,75.47333333333333,1017.4333333333334,9.662893081761007,0.0
2022-07-06,90.0,80.0,76.0909375,75.65,1016.9583333333334,8.36984375,1.11
2022-07-07,91.0,79.0,71.65791666666667,73.95833333333333,1017.0916666666667,6.014239482200647,0.24
2022-07-08,90.0,81.0,68.83239999999999,73.8,1017.9,9.945846645367412,0.3
2022-07-09,92.0,80.0,73.14666666666666,75.83333333333333,1018.8791666666666,8.632371794871796,2.71
2022-07-10,91.0,81.0,69.92833333333333,74.83333333333333,1017.2583333333333,6.245440251572327,0.9
2022-07-11,93.0,80.0,66.5196,73.616,1014.9499999999999,7.5450320512820515,0.0
2022-07-12,92.0,81.0,68.7516,74.52,1015.9166666666666,6.473801916932907,0.0
2022-07-13,92.0,83.0,70.1873076923077,75.53846153846153,1018.1125000000001,6.735191082802547,0.0
2022-07-14,90.0,77.0,72.60285714285715,73.89285714285714,1019.2375000000001,6.483809523809524,0.92
2022-07-15,87.0,75.0,74.91882352941177,71.96470588235294,1018.6999999999999,8.97429906542056,9.06
2022-07-16,87.0,73.0,76.329375,73.3125,1016.6333333333333,9.57375,4.85
2022-07-17,91.0,75.0,81.419375,76.0,1016.35,7.44435736677116,0.12
2022-07-18,90.0,82.0,76.74916666666667,76.95833333333333,1018.6833333333334,9.004647435897436,0.0
2022-07-19,90.0,80.0,72.41357142857143,74.47142857142856,1019.4875000000001,6.630696202531646,0.0
2022-07-20,90.0,81.0,71.49307692307693,74.66153846153847,1017.8333333333334,9.310223642172524,0.0
2022-07-21,90.0,82.0,68.26458333333333,73.70833333333333,1017.0208333333334,9.816071428571428,0.0
2022-07-22,90.0,78.0,73.86967741935484,74.92258064516129,1017.8708333333334,10.02814465408805,0.46
2022-07-23,90.0,80.0,71.54961538461538,74.23076923076923,1019.2583333333333,8.621314102564103,0.08
2022-07-24,90.0,82.0,67.49791666666667,73.375,1019.0749999999999,11.444533762057878,0.3
2022-07-25,89.0,80.0,70.75923076923077,73.96153846153847,1018.2458333333334,11.602547770700637,1.2
2022-07-26,86.0,75.0,87.00781818181818,74.97818181818182,1018.8833333333333,7.498538011695906,10.09
2022-07-27,89.0,73.0,82.02058823529413,74.86470588235295,1019.4217391304348,8.690094339622641,9.09
2022-07-28,90.0,80.0,69.83875,73.79166666666667,1019.3583333333332,9.203697749196142,0.0
2022-07-29,90.0,82.0,68.50625000000001,73.66666666666667,1019.1083333333332,11.566346153846153,0.0
2022-07-30,89.0,77.0,69.38192307692307,73.03846153846153,1020.2958333333332,12.162898089171975,0.0
2022-07-31,91.0,81.0,69.49125,74.125,1021.2958333333332,12.557852564102564,0.0
2022-08-01,90.0,81.0,73.14740740740741,75.67407407407407,1021.0625,10.813650793650794,0.0
2022-08-02,90.0,81.0,71.73,75.03846153846153,1019.0166666666668,8.505591054313099,0.0
2022-08-03,90.0,78.0,67.86677419354838,72.27741935483871,1017.2375000000001,6.827899686520376,0.0
2022-08-04,89.0,82.0,69.7475,73.70833333333333,1017.4250000000001,9.623878205128205,0.0
2022-08-05,89.0,78.0,76.94818181818182,74.8,1018.2416666666667,9.16765625,4.2
2022-08-06,90.0,81.0,68.88666666666667,73.375,1019.2916666666666,13.15496794871795,0.19
2022-08-07,88.0,79.0,77.01862068965517,74.62068965517241,1019.2624999999999,10.640220820189274,0.66
2022-08-08,89.0,76.0,77.02,74.48965517241379,1018.3916666666668,9.405095541401273,2.26
2022-08-09,89.0,80.0,75.50933333333334,76.07333333333332,1018.7666666666668,12.291981132075472,0.25
2022-08-10,90.0,81.0,70.67291666666667,74.79166666666667,1020.2833333333333,11.640064102564102,0.0
2022-08-11,90.0,82.0,68.21124999999999,73.41666666666667,1018.9083333333333,10.324198717948718,0.0
2022-08-12,91.0,82.0,67.20458333333333,73.25,1017.3291666666668,9.67548076923077,0.0
2022-08-13,92.0,80.0,69.17576923076923,73.92307692307692,1016.5333333333333,4.292356687898089,0.02
2022-08-14,91.0,78.0,73.5034375,73.3875,1015.4458333333333,2.84984375,1.74
2022-08-15,92.0,75.2,77.5232258064516,74.2709677419355,1014.0708333333333,2.7367088607594936,5.02
2022-08-16,92.0,78.0,77.47965517241379,75.03448275862068,1013.9708333333333,3.30031746031746,8.67
2022-08-17,96.0,79.0,69.56666666666666,74.04166666666667,1014.5541666666667,5.337947882736156,0.0
2022-08-18,96.0,80.0,65.35259259259259,74.07407407407408,1014.7166666666667,6.328685897435897,0.0
2022-08-19,93.0,82.0,64.82458333333334,73.95833333333333,1016.3458333333333,5.538548387096775,0.0
2022-08-20,93.0,81.0,69.52033333333334,76.36666666666666,1018.3791666666666,9.421293375394322,1.53
2022-08-21,93.0,83.0,68.60961538461538,75.76923076923077,1018.0500000000001,10.291214057507988,0.0
2022-08-22,93.0,78.0,71.06107142857142,75.46428571428571,1015.7291666666666,9.061269841269842,4.41
2022-08-23,92.0,82.0,68.68862068965517,75.42068965517241,1013.8833333333333,5.5558917197452224,0.5900000000000001
2022-08-24,93.0,83.0,68.07851851851852,75.37777777777778,1014.4875000000001,7.6458466453674125,0.0
2022-08-25,93.0,84.0,69.105,75.875,1016.0458333333332,7.283333333333333,0.0
2022-08-26,93.0,83.0,66.59629629629629,75.33333333333333,1015.9791666666666,5.185987261146497,0.0
2022-08-27,91.0,82.0,71.74111111111111,75.77777777777777,1014.5791666666668,3.857827476038339,0.0
2022-08-28,90.0,77.0,79.33272727272727,75.0969696969697,1014.0916666666667,5.047819314641744,5.44
2022-08-29,89.0,76.0,79.70586206896552,75.06896551724138,1014.8249999999999,5.826182965299685,4.08
2022-08-30,92.0,83.0,69.95583333333333,75.29166666666667,1015.5375,8.12395498392283,0.07
2022-08-31,90.0,76.0,74.67566666666667,75.1,1015.5166666666668,4.345253164556961,5.84
2022-09-01,92.0,78.0,70.20464285714286,73.89285714285714,1015.3791666666666,4.826349206349207,0.0
2022-09-02,93.0,79.0,69.34103448275863,74.24137931034483,1016.2416666666667,5.213333333333334,0.71
2022-09-03,91.0,80.0,69.97916666666667,75.08333333333333,1016.8666666666667,7.113782051282051,1.8900000000000001
2022-09-04,92.0,82.0,64.53375,73.29166666666667,1015.2708333333334,7.058493589743589,0.0
2022-09-05,92.0,81.0,70.0474074074074,75.11111111111111,1015.0791666666668,6.314012738853503,0.0
2022-09-06,93.2,79.0,69.3003448275862,75.75172413793103,1016.1416666666668,4.851107594936709,0.32
2022-09-07,94.0,81.0,73.98242424242424,75.27878787878787,1014.2083333333334,3.3238244514106583,5.33
2022-09-08,93.0,75.0,75.00722222222223,74.09444444444445,1009.4791666666666,4.142857142857143,4.07
2022-09-09,91.0,76.0,77.92387096774193,75.78064516129032,1009.4791666666666,6.434952978056426,1.0
2022-09-10,93.0,83.0,70.21640000000001,76.36,1015.1833333333334,7.113782051282051,0.0
2022-09-11,93.0,83.0,70.49740740740741,75.75555555555556,1018.0833333333334,5.644126984126984,0.0
2022-09-12,93.0,78.8,69.64689655172414,73.84137931034483,1015.5749999999999,3.0484126984126982,1.5100000000000002
2022-09-13,91.0,78.0,70.4035294117647,74.41764705882352,1013.0916666666667,3.08816199376947,0.81
2022-09-14,87.0,75.0,83.70170212765957,73.9531914893617,1013.8833333333333,3.8459580838323353,21.64
2022-09-15,89.0,76.0,82.63722222222222,74.63888888888889,1015.8583333333332,3.107142857142857,4.07
2022-09-16,88.0,76.0,82.73297297297297,74.07027027027027,1017.0708333333333,3.68359375,4.72
2022-09-17,91.0,79.0,78.77911764705881,75.36470588235295,1016.1125000000001,5.792857142857143,2.19
2022-09-18,88.0,75.0,84.63416666666666,74.51666666666667,1014.6708333333332,3.6255451713395637,1.29
2022-09-19,88.0,76.0,78.33428571428571,74.92857142857143,1013.1458333333334,2.8349683544303796,0.0
2022-09-20,92.0,78.0,73.96653846153846,74.53846153846153,1012.7083333333334,5.1603503184713375,0.0
2022-09-21,92.0,80.0,73.07928571428572,74.64285714285714,1011.0500000000001,4.307936507936508,0.64
2022-09-22,94.0,79.0,73.53470588235294,74.60000000000001,1010.15,4.76171875,0.0
2022-09-23,94.0,80.0,63.80583333333333,71.75,1012.1958333333333,3.6533762057877817,0.0
2022-09-24,91.0,79.0,73.18857142857144,74.25,1013.7833333333333,3.071565495207668,2.04
2022-09-25,89.0,78.0,78.88166666666667,75.33333333333333,1012.1875,4.019417475728155,0.9500000000000001
2022-09-26,88.0,75.0,80.11757575757576,75.14545454545456,1011.3083333333334,4.671651090342679,5.32
2022-09-27,83.0,76.0,91.00139999999999,75.764,1010.8458333333333,10.026775147928994,32.85
2022-09-28,86.0,78.0,82.15128205128205,76.72307692307692,1005.5458333333332,20.372935779816512,8.32
2022-09-29,86.0,78.0,77.04228571428571,72.82285714285715,1005.5875,13.485714285714284,0.0
2022-09-30,84.0,69.0,71.92999999999999,66.375,1008.1,6.57459807073955,0.0
2022-10-01,85.0,76.0,72.45833333333333,70.04166666666667,1009.6208333333334,4.139262820512821,0.0
2022-10-02,87.0,75.0,70.19333333333333,69.375,1011.9541666666668,5.986655948553055,0.06
2022-10-03,90.0,74.0,58.684583333333336,64.54166666666667,1013.125,4.818167202572347,0.0
2022-10-04,88.0,75.0,63.331250000000004,67.0,1013.4541666666668,5.783279742765273,0.0
2022-10-05,86.0,73.0,68.645,67.58333333333333,1014.7166666666667,5.42459807073955,0.0
2022-10-06,85.0,76.0,66.93583333333333,67.875,1016.6333333333333,6.0264423076923075,0.0
2022-10-07,87.0,76.0,63.21,66.58333333333333,1018.0749999999999,6.389710610932476,0.0
2022-10-08,85.0,75.0,74.37615384615384,70.46153846153847,1016.9166666666666,6.767731629392972,0.46
2022-10-09,84.0,75.2,89.28049999999999,75.59,1016.7333333333332,6.0375,20.34
2022-10-10,89.0,77.0,80.86923076923077,75.23846153846154,1017.0875,4.50814696485623,0.0
2022-10-11,89.0,81.0,73.998,75.32,1018.2083333333334,7.651923076923077,0.0
2022-10-12,90.0,81.0,74.51416666666667,75.45833333333333,1017.1416666666668,9.033601286173633,0.0
2022-10-13,87.0,76.0,82.75314285714286,75.02857142857142,1012.6750000000001,5.675232198142415,16.93
2022-10-14,87.0,76.0,83.18689655172415,74.03448275862068,1012.3874999999999,3.511671924290221,2.52
2022-10-15,89.0,79.0,77.77038461538461,74.20769230769231,1015.3166666666666,5.885509554140127,0.5
2022-10-16,88.0,80.0,71.33800000000001,72.44,1015.6666666666666,8.79217252396166,0.0
2022-10-17,87.0,79.0,71.51666666666667,72.125,1013.0208333333334,8.260096153846154,0.060000000000000005
2022-10-18,89.0,78.0,78.03999999999999,74.32142857142857,1010.2666666666668,6.088449367088608,0.0
2022-10-19,80.6,63.0,78.97285714285715,64.39428571428572,1013.3708333333334,7.421428571428571,2.54
2022-10-20,80.0,64.0,74.5112,61.56,1014.7708333333334,5.59150641025641,0.0
2022-10-21,82.0,68.0,69.09275862068965,62.40689655172414,1013.9041666666667,9.192698412698412,0.32
2022-10-22,85.0,68.0,64.79291666666667,62.666666666666664,1015.4958333333334,8.10528846153846,0.0
2022-10-23,86.0,71.0,65.97500000000001,65.04166666666667,1016.9875000000001,5.6283653846153845,0.12
2022-10-24,85.0,73.0,69.81583333333333,67.45833333333333,1017.25,5.672347266881029,0.0
2022-10-25,87.0,71.0,62.552083333333336,64.95833333333333,1015.1583333333333,5.089123376623377,0.0
2022-10-26,86.0,71.0,63.93833333333333,64.04166666666667,1013.3958333333334,2.9996763754045306,0.0
2022-10-27,87.0,72.0,64.91916666666667,66.04166666666667,1013.6999999999999,3.286245954692556,0.0
2022-10-28,87.0,72.0,67.84458333333333,68.125,1016.9916666666667,5.643108974358974,0.0
2022-10-29,87.0,75.0,69.32541666666667,69.45833333333333,1017.6416666666668,6.999519230769231,0.0
2022-10-30,87.0,77.0,66.54375,69.33333333333333,1015.2916666666666,8.364308681672027,0.0
2022-10-31,87.0,76.0,77.90958333333333,73.83333333333333,1014.125,5.746314102564102,0.0
2022-11-01,89.0,79.0,79.096,75.8,1017.1708333333332,8.169377162629758,0.04
2022-11-02,89.6,80.0,74.3473076923077,75.01538461538462,1019.5333333333333,9.445382165605094,0.0
2022-11-03,87.0,76.0,75.75178571428572,73.00714285714285,1018.8125,8.797852760736196,0.27999999999999997
2022-11-04,86.0,73.0,70.7275,68.625,1016.8000000000001,7.596634615384616,0.0
2022-11-05,86.0,75.0,69.84708333333333,68.70833333333333,1013.8666666666667,6.581993569131833,0.1
2022-11-06,85.0,73.0,78.54384615384616,71.84615384615384,1014.0708333333333,6.976910828025478,1.23
2022-11-07,86.0,74.0,68.26833333333333,68.375,1015.4333333333334,9.111538461538462,0.9400000000000001
2022-11-08,86.0,71.0,72.91625,67.375,1014.6416666666668,7.14483870967742,0.17
2022-11-09,78.0,71.0,96.78048780487805,71.65365853658537,1009.9416666666666,9.32933130699088,13.370000000000001
2022-11-10,85.0,69.0,88.95526315789475,70.60000000000001,1004.8916666666668,13.475460122699387,0.28
2022-11-11,87.0,72.0,79.63692307692307,71.53846153846153,1011.8791666666666,6.632643312101911,0.0
2022-11-12,84.0,74.0,83.99499999999999,72.65384615384616,1014.9541666666668,3.556549520766773,0.13
2022-11-13,87.0,70.0,79.30958333333334,69.04166666666667,1015.3625000000001,2.4437499999999996,0.12
2022-11-14,86.0,73.0,73.90791666666667,69.08333333333333,1016.3541666666666,5.167628205128205,0.0
2022-11-15,86.0,74.0,73.56541666666666,70.16666666666667,1018.2541666666666,5.930608974358974,0.0
2022-11-16,87.0,72.0,81.85708333333334,72.16666666666667,1018.7416666666667,3.3644012944983817,0.0
2022-11-17,81.0,70.0,82.83354838709678,69.59354838709677,1018.7041666666668,6.409717868338558,0.0
2022-11-18,79.0,66.0,70.77291666666666,62.333333333333336,1019.625,7.82443729903537,0.0
2022-11-19,80.0,70.0,71.7262962962963,65.0,1019.8625000000001,7.071587301587302,0.0
2022-11-20,78.0,69.0,94.53196721311475,71.00655737704918,1018.2541666666666,7.398994252873563,37.3
2022-11-21,77.0,69.0,91.51363636363635,71.14545454545456,1018.8249999999999,10.072413793103449,11.33
2022-11-22,84.0,72.0,90.24352941176471,73.38235294117646,1018.7791666666667,4.542857142857143,0.87
2022-11-23,86.0,69.0,90.68526315789474,71.24736842105263,1016.9333333333334,2.846604938271605,0.0
2022-11-24,86.0,73.0,80.30038461538462,72.46153846153847,1016.7875,4.940605095541401,0.0
2022-11-25,87.0,78.0,77.76458333333333,73.83333333333333,1016.4791666666666,5.965857605177994,0.0
2022-11-26,87.0,75.0,77.93375,72.58333333333333,1016.8458333333333,5.514102564102564,0.0
2022-11-27,88.0,77.0,77.95896551724138,73.04137931034482,1016.4041666666667,5.655678233438485,0.0
2022-11-28,88.0,73.0,79.5788,71.72,1016.3708333333334,3.6317741935483867,0.24
2022-11-29,84.0,74.0,72.41666666666667,68.70833333333333,1018.0124999999999,6.710806451612903,0.0
2022-11-30,85.0,76.0,74.31612903225808,71.74193548387096,1018.2166666666667,9.5641065830721,0.0
2022-12-01,82.0,74.0,85.9628947368421,72.25263157894737,1020.5833333333334,6.5095679012345675,3.93
2022-12-02,82.0,74.0,64.0275,64.625,1022.9499999999999,10.821794871794872,0.0
2022-12-03,82.0,75.0,59.875416666666666,62.958333333333336,1023.775,11.529581993569131,0.0
2022-12-04,82.0,69.0,63.26624999999999,61.875,1020.9958333333334,5.8835483870967735,0.0
2022-12-05,82.0,69.0,66.58083333333333,62.833333333333336,1018.3375,3.727331189710611,0.0
2022-12-06,82.0,72.0,70.39814814814815,66.14814814814815,1020.0583333333334,4.851698113207547,0.23
2022-12-07,84.0,71.0,71.95041666666667,66.04166666666667,1022.7916666666666,5.938585209003215,0.12
2022-12-08,82.0,69.0,69.06291666666667,64.0,1021.9250000000001,5.565705128205129,0.0
2022-12-09,81.0,68.0,75.85038461538461,66.42307692307692,1019.2833333333333,3.2075079872204473,0.0
2022-12-10,82.0,68.0,70.36125,64.20833333333333,1018.6458333333334,3.0334935897435895,0.0
2022-12-11,81.0,64.0,70.19958333333334,62.458333333333336,1018.1999999999999,2.9118589743589745,0.0
2022-12-12,79.0,65.0,80.63,63.96551724137931,1016.6666666666666,2.720820189274448,0.0
2022-12-13,81.0,65.0,72.05208333333333,62.666666666666664,1016.4,3.1837620578778134,0.0
2022-12-14,81.0,67.0,73.4976,65.68,1016.5875,6.148076923076923,0.03
2022-12-15,83.0,74.0,74.7925,69.16666666666667,1015.4125,9.051612903225806,0.0
2022-12-16,80.0,72.0,83.33741935483872,69.71612903225805,1014.775,4.44858934169279,0.85
2022-12-17,79.0,68.0,85.16,67.41578947368421,1015.1291666666666,5.069171779141104,1.24
2022-12-18,80.0,73.0,86.73971428571429,69.86285714285714,1016.0208333333334,4.329411764705883,0.76
2022-12-19,78.0,63.0,71.36041666666667,60.416666666666664,1020.7958333333332,7.493429487179487,0.0
2022-12-20,80.0,70.0,74.59538461538462,65.03846153846153,1020.5916666666667,8.606687898089172,3.1
2022-12-21,80.0,70.0,82.40828571428571,68.63428571428571,1016.9291666666667,4.085714285714285,0.15
2022-12-22,85.0,69.0,79.46961538461538,68.9,1015.9166666666666,4.8307324840764325,0.0
2022-12-23,82.0,70.0,84.9321875,69.625,1016.25,6.5765625,2.56
2022-12-24,72.0,49.0,59.672222222222224,41.94444444444444,1021.6875,9.94111111111111,0.0
2022-12-25,51.0,46.0,57.595,34.19230769230769,1023.4291666666667,8.452866242038215,0.16
2022-12-26,56.0,48.2,70.0788888888889,41.25925925925926,1022.8249999999999,6.034761904761905,1.2
2022-12-27,73.0,55.0,91.43848484848485,57.32727272727273,1021.3541666666666,5.079467084639498,2.41
2022-12-28,76.0,58.0,74.44291666666666,57.833333333333336,1022.2708333333334,6.535096153846154,0.0
2022-12-29,79.0,69.0,73.17038461538462,64.51538461538462,1022.5333333333333,8.946485623003195,0.0
2022-12-30,82.0,73.0,81.38758620689654,70.3103448275862,1020.2083333333334,5.956782334384858,0.0
2022-12-31,83.0,70.0,83.4076923076923,71.07692307692308,1019.7041666666668,6.02555910543131,0.0
2023-01-01,85.0,71.0,83.28923076923077,70.22307692307692,1019.936,3.2229299363057327,0.0
2023-01-02,83.0,68.0,77.6875,68.20833333333333,1021.3375,6.014239482200647,0.0
2023-01-03,82.0,74.0,77.47392857142857,69.75,1020.8333333333334,10.630221518987343,0.0
2023-01-04,83.0,73.0,80.71535714285714,71.02142857142857,1019.9666666666667,8.821518987341772,0.0
2023-01-05,85.0,72.0,80.77041666666666,70.04166666666667,1021.025,5.912179487179487,0.0
2023-01-06,79.0,67.0,61.224230769230765,57.69230769230769,1022.0041666666666,5.879421221864952,0.0
2023-01-07,79.0,62.0,58.375,54.208333333333336,1023.0124999999999,5.87572347266881,0.0
2023-01-08,79.0,63.0,66.13166666666667,59.583333333333336,1022.6416666666668,4.408333333333333,0.0
2023-01-09,80.0,66.0,74.73071428571428,62.51428571428572,1019.6666666666666,3.9810509554140125,0.0
2023-01-10,80.0,64.0,63.92458333333334,57.166666666666664,1018.7541666666666,3.6453525641025637,0.0
2023-01-11,79.0,57.0,59.45208333333333,51.583333333333336,1020.3791666666666,4.6779032258064515,0.0
2023-01-12,80.0,61.0,68.73916666666666,58.916666666666664,1020.6833333333334,4.161378205128205,0.0
2023-01-13,81.0,64.0,71.765,59.625,1015.2583333333333,6.462258064516129,0.2
2023-01-14,64.0,49.0,57.201249999999995,41.125,1017.5416666666666,11.155000000000001,0.0
2023-01-15,63.0,45.0,58.78,38.708333333333336,1021.5583333333334,6.024516129032258,0.0
2023-01-16,73.0,46.0,53.9325,41.666666666666664,1020.2666666666668,2.878733766233766,0.0
2023-01-17,76.0,54.0,65.39833333333333,52.291666666666664,1018.2583333333333,3.9055194805194806,0.0
2023-01-18,79.0,59.0,70.43541666666667,58.541666666666664,1018.725,4.321774193548387,0.0
2023-01-19,82.0,66.0,67.10875,61.875,1019.4916666666667,5.783387096774193,0.0
2023-01-20,83.0,67.0,71.41708333333334,64.29166666666667,1019.8375,3.9898713826366556,0.0
2023-01-21,82.0,69.0,70.94083333333333,64.66666666666667,1019.0083333333333,3.7179611650485436,0.0
2023-01-22,83.0,72.0,71.83,67.34615384615384,1016.0625,9.727388535031848,0.0
2023-01-23,87.0,72.0,79.36416666666666,68.95833333333333,1017.0833333333334,6.442948717948718,0.0
2023-01-24,80.0,69.0,70.28379310344828,64.15172413793104,1020.7291666666666,9.680379746835444,0.02
2023-01-25,84.0,74.0,76.2637037037037,69.11111111111111,1017.6833333333334,11.82857142857143,0.12
2023-01-26,81.0,72.0,80.25666666666667,68.41666666666667,1017.7333333333332,5.757467532467532,0.0
2023-01-27,71.0,61.0,65.78083333333333,55.75,1022.0916666666667,7.743086816720257,0.0
2023-01-28,78.8,65.0,72.7909375,61.89375,1023.9708333333333,9.80015625,0.0
2023-01-29,82.0,73.0,69.212,66.12,1023.2791666666667,13.226837060702875,0.0
2023-01-30,83.0,71.0,73.66576923076923,68.29230769230769,1021.5833333333334,9.064490445859873,0.0
2023-01-31,83.0,72.0,72.53307692307692,67.5,1021.5916666666667,7.11608280254777,0.0
2023-02-01,84.0,69.0,77.14583333333333,68.41666666666667,1022.1291666666666,5.484615384615385,0.0
2023-02-02,83.0,70.0,78.11125,68.83333333333333,1021.6625,5.354340836012862,0.0
2023-02-03,87.0,70.0,72.34875000000001,66.83333333333333,1019.2416666666667,5.409807073954984,0.0
2023-02-04,74.0,64.0,77.82903225806452,62.88387096774194,1022.5375,10.816509433962265,0.16
2023-02-05,81.0,68.0,89.61395348837209,68.56279069767442,1020.9833333333332,8.637234042553192,34.32
2023-02-06,80.0,68.0,75.51583333333333,64.95833333333333,1019.6,4.902243589743589,0.0
2023-02-07,79.0,70.0,63.114583333333336,60.791666666666664,1022.6916666666666,10.139903846153846,0.0
2023-02-08,80.0,70.0,56.65958333333333,58.583333333333336,1023.2541666666666,11.131410256410257,0.0
2023-02-09,82.0,74.0,70.94185185185185,66.85185185185185,1022.15,14.422611464968153,0.0
2023-02-10,82.0,74.0,73.32692307692308,67.88461538461539,1020.7666666666668,10.961624203821655,0.0
2023-02-11,86.0,73.0,78.42439999999999,70.32,1018.0291666666667,8.318210862619807,0.0
2023-02-12,78.8,68.0,78.67054054054054,65.76216216216216,1015.275,9.882923076923076,6.82
2023-02-13,74.0,59.0,57.5976,49.96,1017.0333333333333,9.07016129032258,0.0
2023-02-14,77.0,58.0,61.10583333333333,52.875,1018.5541666666667,5.613621794871795,0.0
2023-02-15,81.0,70.0,63.53,61.166666666666664,1020.8125,11.422596153846154,0.0
2023-02-16,82.0,74.0,65.77333333333333,64.41666666666667,1020.0666666666666,12.181891025641026,0.0
2023-02-17,82.4,74.0,80.61322580645162,70.75483870967743,1019.3958333333334,7.5058359621451105,5.7299999999999995
2023-02-18,82.0,71.0,85.02823529411765,69.34705882352942,1021.8833333333333,5.6535714285714285,0.0
2023-02-19,83.0,71.0,72.062,67.0,1022.8416666666667,7.594408945686902,0.0
2023-02-20,84.0,72.0,73.8025,68.0,1020.5875,4.592628205128205,0.0
2023-02-21,85.0,70.0,73.665,67.45833333333333,1018.2416666666667,5.104516129032258,0.0
2023-02-22,84.0,69.0,74.23333333333333,67.5,1019.8291666666668,6.0375000000000005,0.0
2023-02-23,83.0,75.0,71.73083333333334,68.58333333333333,1022.5625,8.075801282051282,0.0
2023-02-24,85.0,71.0,70.03916666666667,66.625,1024.5416666666667,6.560897435897436,0.0
2023-02-25,83.0,69.0,66.52916666666667,64.79166666666667,1023.9833333333332,5.485760517799353,0.0
2023-02-26,86.0,69.0,67.82541666666667,64.70833333333333,1020.5625,3.991612903225806,0.0
2023-02-27,84.0,67.0,68.41958333333334,64.54166666666667,1017.6333333333333,5.856891025641025,0.0
2023-02-28,87.0,67.0,62.300000000000004,61.625,1016.5749999999999,5.339285714285714,0.0
2023-03-01,84.0,64.0,66.19041666666666,61.708333333333336,1018.2125,4.233922829581994,0.0
2023-03-02,83.0,71.0,64.52374999999999,63.541666666666664,1016.0583333333334,8.03883495145631,0.0
2023-03-03,87.0,75.0,69.16541666666667,68.25,1012.9083333333333,9.969131832797428,0.0
2023-03-04,87.0,75.0,69.79583333333333,69.0,1014.0791666666668,7.854019292604502,0.0
2023-03-05,88.0,70.0,65.16833333333334,65.25,1017.8208333333333,3.923311897106109,0.0
2023-03-06,90.0,73.0,69.00041666666667,67.70833333333333,1018.6374999999999,3.777508090614887,0.0
2023-03-07,89.0,71.0,69.17333333333333,67.58333333333333,1016.475,6.781672025723473,0.0
2023-03-08,89.0,74.0,64.69583333333334,66.25,1016.4041666666667,6.402903225806452,0.02
2023-03-09,79.0,74.0,59.528333333333336,61.416666666666664,1018.7166666666667,10.814423076923077,0.0
2023-03-10,81.0,69.0,57.54333333333333,58.625,1018.1541666666667,8.02419871794872,0.0
2023-03-11,86.0,69.0,64.78291666666667,63.333333333333336,1013.5791666666668,7.7625,0.0
2023-03-12,87.0,67.0,66.74625,63.900000000000006,1013.19375,8.096938775510203,0.0
2023-03-13,89.0,72.0,69.31541666666666,67.54166666666667,1013.4083333333333,12.9375,0.0
2023-03-14,84.0,71.0,74.4768,67.592,1015.3458333333333,6.124760383386581,0.0
2023-03-15,75.0,67.0,64.53458333333333,57.76666666666667,1018.275,7.037313432835821,0.01
2023-03-16,77.0,62.0,61.07125,54.25,1020.8541666666666,8.212700964630226,0.0
2023-03-17,80.0,68.0,54.949999999999996,56.083333333333336,1018.5500000000001,11.19775641025641,0.0
2023-03-18,85.0,70.0,66.36439999999999,64.48,1015.4791666666666,8.027955271565496,0.0
2023-03-19,79.0,70.0,75.60074074074075,66.74814814814815,1016.4208333333332,4.978434504792332,0.0
2023-03-20,76.0,60.0,78.34636363636365,57.67272727272727,1019.5291666666667,9.4875,3.0
2023-03-21,79.0,62.0,64.15458333333333,57.0,1022.3791666666666,8.164262820512821,0.0
2023-03-22,81.0,66.0,61.71208333333333,60.041666666666664,1023.7458333333334,9.970352564102564,0.0
2023-03-23,82.0,73.0,60.760416666666664,61.791666666666664,1023.1583333333333,10.650483870967742,0.0
2023-03-24,83.0,72.0,69.59925925925926,66.11111111111111,1019.5375,8.759386973180076,0.06
2023-03-25,85.0,75.0,76.33777777777777,70.14814814814815,1017.3375,10.014126984126984,0.0
2023-03-26,86.0,75.0,74.28375,70.20833333333333,1018.1666666666666,8.67491961414791,0.0
2023-03-27,86.0,75.0,72.78791666666667,69.95833333333333,1018.1666666666666,9.87451923076923,0.0
2023-03-28,88.0,76.0,72.99692307692308,70.5,1018.0375,6.234984025559105,1.8900000000000001
2023-03-29,88.0,73.0,76.70384615384616,69.06923076923077,1017.1916666666666,3.9235294117647057,0.68
2023-03-30,78.8,71.6,85.68837837837837,69.34054054054054,1019.5625,5.932142857142858,28.02
2023-03-31,82.0,73.0,66.05884615384615,64.26923076923077,1022.3625000000001,12.691235059760956,1.9100000000000001
2023-04-01,85.0,74.0,73.84074074074074,69.21481481481482,1020.8041666666667,9.514736842105263,3.19
2023-04-02,88.0,72.0,81.42280000000001,71.08,1018.3583333333332,4.209150326797386,0.0
2023-04-03,86.0,73.0,72.9696,69.64,1016.9875000000001,5.9701320132013205,0.0
2023-04-04,86.0,76.0,70.44916666666667,69.75,1017.0791666666668,8.609967320261438,0.0
2023-04-05,85.0,77.0,66.57791666666667,68.33333333333333,1018.8166666666666,12.930487804878048,0.0
2023-04-06,85.0,78.0,66.04178571428572,68.57142857142857,1020.4041666666667,14.950000000000001,0.0
2023-04-07,84.0,77.0,63.68,66.16666666666667,1019.8416666666667,10.391071428571427,0.0
2023-04-08,85.0,76.0,64.96458333333334,66.91666666666667,1017.3874999999999,10.36483870967742,0.32
2023-04-09,87.0,72.0,72.18888888888888,67.62962962962963,1015.6125000000001,5.123397435897436,0.0
2023-04-10,80.0,70.0,85.75918367346938,68.54693877551021,1015.9375,8.143524096385542,8.42
2023-04-11,76.0,68.0,87.04479166666665,67.71249999999999,1016.4958333333334,12.925856697819315,26.56
2023-04-12,75.2,69.0,89.73185185185184,69.36296296296297,1014.6374999999999,12.48969696969697,22.52
2023-04-13,86.0,71.0,85.21473684210525,71.87894736842105,1013.1958333333333,7.974056603773585,0.0
2023-04-14,89.0,74.0,78.90655172413793,71.69655172413792,1014.3416666666667,4.87555910543131,1.69
2023-04-15,88.0,76.0,78.89791666666666,73.75,1016.1708333333332,4.914657980456026,0.0
2023-04-16,88.0,77.0,76.00555555555556,73.62222222222222,1016.1958333333333,6.133333333333334,0.0
2023-04-17,89.0,69.0,76.39785714285715,69.04761904761905,1012.5625,7.056818181818182,2.44
2023-04-18,84.0,67.0,64.42807692307692,62.19230769230769,1013.7375000000001,8.054563492063492,0.0
2023-04-19,82.0,70.0,56.42333333333334,59.041666666666664,1016.9250000000001,6.851461038961039,0.0
2023-04-20,84.0,72.0,61.757083333333334,63.791666666666664,1018.1041666666666,7.629362416107383,0.0
2023-04-21,84.0,73.0,71.12518518518517,67.37037037037037,1015.6166666666667,6.146935483870967,1.96
2023-04-22,88.0,73.0,67.24851851851852,67.00740740740741,1011.6125000000001,4.835313531353135,0.08
2023-04-23,86.0,73.0,74.2674074074074,69.37037037037037,1011.9166666666666,5.790415335463259,0.0
2023-04-24,82.0,73.4,77.36344827586207,70.26206896551724,1013.1833333333334,6.266025641025641,7.59
2023-04-25,85.0,70.0,74.7374074074074,68.80740740740741,1013.2333333333332,7.253559870550162,2.18
2023-04-26,87.0,72.0,72.84068965517241,70.10344827586206,1013.4166666666666,5.668649517684887,0.0
2023-04-27,88.0,73.0,74.63807692307692,70.61538461538461,1013.8249999999999,7.517166666666667,0.0
2023-04-28,87.8,76.0,71.45733333333332,71.75333333333333,1012.9833333333332,6.855769230769231,0.0
2023-04-29,90.0,78.0,72.62576923076924,74.12307692307692,1012.1666666666666,7.521731448763251,0.0
2023-04-30,86.0,76.0,71.70142857142858,71.12142857142858,1009.1750000000001,11.504323308270678,0.24
2023-05-01,85.0,70.0,60.701249999999995,61.416666666666664,1012.3125,7.507049180327869,0.0
2023-05-02,89.0,71.0,63.11538461538461,64.46153846153847,1013.1374999999999,6.350338983050847,0.0
2023-05-03,90.0,72.0,64.29038461538461,65.15384615384616,1012.1291666666666,6.46006711409396,0.0
2023-05-04,88.0,69.0,54.7125,59.25,1014.0791666666668,5.682131147540983,0.0
2023-05-05,88.0,71.0,58.905,63.625,1016.6125000000001,5.3187500000000005,0.0
2023-05-06,87.0,75.0,63.30125,67.16666666666667,1018.0416666666666,8.825407166123778,0.0
2023-05-07,84.0,75.0,72.385,69.13571428571429,1018.8041666666667,12.028061224489797,1.9500000000000002
2023-05-08,84.0,73.0,61.00416666666666,64.125,1017.85,9.166065573770492,0.0
2023-05-09,87.0,72.0,65.67666666666666,67.5,1016.9791666666666,6.944516129032259,0.0
2023-05-10,91.0,75.0,62.60833333333333,67.375,1016.4708333333333,5.846763754045308,0.0
2023-05-11,87.0,76.0,63.93807692307692,68.26923076923077,1016.8583333333332,8.84871382636656,0.0
2023-05-12,87.0,79.0,62.6716,68.36,1017.85,13.125993377483445,0.0
2023-05-13,87.0,79.0,62.730000000000004,67.53846153846153,1017.7041666666668,12.413235294117646,0.04
2023-05-14,87.0,78.0,63.61333333333334,67.91666666666667,1017.7583333333333,8.359468438538205,0.0
2023-05-15,89.0,75.0,71.182,70.86666666666666,1017.9916666666667,7.351650165016502,1.49
2023-05-16,90.0,76.0,66.98479999999999,68.88,1015.9583333333334,4.666559485530547,0.9100000000000001
2023-05-17,90.0,77.0,73.68451612903225,71.6258064516129,1012.4499999999999,6.641530944625408,0.5
2023-05-18,88.0,72.0,71.06555555555555,70.11111111111111,1013.2166666666667,4.640544871794871,0.27
2023-05-19,87.0,77.0,76.38870967741936,73.2258064516129,1015.4375,3.540408805031446,6.12
2023-05-20,88.0,79.0,73.58615384615385,73.3076923076923,1015.1666666666666,4.980844155844156,0.0
2023-05-21,88.0,78.0,71.96625,72.125,1013.8416666666667,5.564638157894737,8.83
2023-05-22,88.0,78.0,71.98214285714286,72.60714285714286,1012.5541666666667,5.052698412698413,0.92
2023-05-23,86.0,76.0,77.22357142857143,73.46428571428571,1012.1208333333334,3.6704472843450477,2.86
2023-05-24,86.0,72.0,78.588,71.375,1010.0500000000001,4.83,6.84
2023-05-25,85.0,73.0,80.09777777777778,70.0,1007.7208333333333,2.3116554054054053,3.8099999999999996
2023-05-26,84.0,75.0,78.20709677419354,70.87096774193549,1008.6041666666666,3.4609872611464967,0.76
2023-05-27,86.0,73.0,76.86884615384616,70.5,1011.4,5.228617363344052,0.0
2023-05-28,91.0,75.0,67.46666666666667,70.5,1013.25,4.695833333333334,0.0
2023-05-29,90.0,74.0,64.78166666666667,68.29166666666667,1012.4875000000001,5.861290322580645,0.0
2023-05-30,89.0,76.0,72.32466666666666,72.03333333333333,1011.7624999999999,7.8730769230769235,0.14
2023-05-31,87.0,72.0,80.13666666666667,72.71333333333334,1011.775,5.482903225806452,6.13
2023-06-01,90.0,72.0,77.3724,72.2,1010.7391304347826,3.916112956810631,0.12
2023-06-02,87.0,73.0,74.64566666666666,71.06,1008.35,2.8640822784810127,0.18
2023-06-03,87.0,74.0,78.1225925925926,72.74074074074075,1005.6333333333333,3.357556270096463,0.74
2023-06-04,90.0,75.0,78.37903225806451,72.06451612903226,1004.9333333333334,5.4266773162939295,1.2000000000000002
2023-06-05,90.0,73.0,77.67125,71.76875,1009.2375000000001,5.612145110410094,3.35
2023-06-06,85.0,71.0,79.90967741935484,71.34193548387097,1013.0833333333334,6.596784565916399,0.09
2023-06-07,88.0,75.0,75.11,72.47096774193548,1011.5124999999999,4.849044585987261,1.9300000000000002
2023-06-08,89.0,76.0,77.9740625,73.41875,1010.35,5.415522875816993,4.54
2023-06-09,91.0,77.0,72.04307692307692,72.53846153846153,1010.3958333333334,5.9685,0.0
2023-06-10,90.0,78.0,69.68083333333333,72.70833333333333,1011.3826086956522,5.637622149837133,0.0
2023-06-11,90.0,79.0,71.77925925925926,73.77777777777777,1013.2375000000001,3.9282178217821784,0.63
2023-06-12,88.0,78.0,77.60971428571429,74.72571428571429,1013.8666666666667,6.35583596214511,2.2
2023-06-13,92.0,78.0,74.49851851851852,74.62962962962963,1014.8541666666666,6.053630363036303,0.0
2023-06-14,91.0,78.0,72.82208333333334,75.66666666666667,1014.9375,6.394299674267101,0.0
2023-06-15,92.0,81.0,71.4675,76.08333333333333,1014.8958333333334,6.877813504823151,0.0
2023-06-16,95.0,82.0,67.67961538461539,74.92307692307692,1015.3249999999999,7.443159609120522,0.16
2023-06-17,93.2,78.0,68.37107142857143,74.12142857142858,1015.2541666666666,7.200827814569537,3.68
2023-06-18,90.0,78.0,75.70555555555555,73.60740740740741,1014.6750000000001,7.514590163934425,0.51
2023-06-19,92.0,71.0,79.06735294117647,73.63529411764705,1015.1217391304348,6.3508650519031145,28.63
2023-06-20,91.0,75.0,77.08125,73.66666666666667,1014.7708333333334,5.765384615384615,0.19
2023-06-21,91.0,73.0,75.364,72.33333333333333,1014.3541666666666,7.427083333333333,1.3699999999999999
2023-06-22,87.0,79.0,77.16433333333333,75.96666666666667,1015.2958333333332,6.123659305993691,0.64
2023-06-23,91.0,81.0,78.38000000000001,77.95833333333333,1016.8708333333334,5.3887820512820515,0.0
2023-06-24,92.0,77.0,79.42612903225806,77.31612903225808,1016.7333333333332,5.7862776025236595,0.59
2023-06-25,90.0,76.0,87.28333333333333,75.2,1015.7708333333334,2.459516129032258,12.35
2023-06-26,88.0,77.0,81.61444444444444,75.85185185185185,1014.7958333333332,2.270607028753994,1.18
2023-06-27,95.0,78.0,76.38555555555556,75.74074074074075,1014.3958333333334,3.685143769968051,0.0
2023-06-28,95.0,77.0,74.43958333333333,75.5,1014.1291666666666,5.229315960912052,0.0
2023-06-29,94.0,81.0,70.67777777777778,74.5925925925926,1013.8375,4.250337837837837,1.3699999999999999
2023-06-30,91.0,79.0,72.7811111111111,74.51851851851852,1014.3416666666667,2.8656351791530943,0.27
2023-07-01,90.0,81.0,73.63827586206898,74.93103448275862,1014.7458333333334,3.732907348242811,0.0
2023-07-02,92.0,77.0,83.94970588235294,76.40588235294118,1015.1625,2.754823151125402,22.59
2023-07-03,93.0,78.0,81.03,76.72413793103448,1016.0708333333333,2.705448717948718,8.13
2023-07-04,91.0,80.0,74.65038461538462,76.53846153846153,1017.3166666666666,2.7807073954983923,0.45
2023-07-05,92.0,80.0,74.4811111111111,77.22222222222223,1017.5166666666668,4.240363636363636,0.02
2023-07-06,95.0,82.0,72.5923076923077,76.1923076923077,1016.1291666666666,3.8626245847176084,0.2
2023-07-07,95.0,80.0,68.49666666666667,74.26666666666667,1015.3000000000001,4.120198675496688,2.26
2023-07-08,96.0,81.0,69.88119999999999,75.04,1015.25,4.607491856677524,0.0
2023-07-09,94.0,75.0,76.46692307692308,74.43846153846154,1016.3083333333334,4.473051948051948,0.0
2023-07-10,95.0,78.0,72.55708333333332,75.83333333333333,1016.8958333333334,5.278870967741936,0.0
2023-07-11,95.0,77.0,66.62208333333334,74.375,1017.7375000000001,5.440097402597402,0.0
2023-07-12,94.0,80.0,70.71807692307692,76.0,1017.1416666666668,4.813782051282051,0.0
2023-07-13,94.0,80.0,69.00241379310344,76.90344827586206,1015.5208333333334,5.564516129032258,0.08
2023-07-14,94.0,79.0,69.64368421052632,74.57894736842105,1015.5583333333334,3.2649842271293377,2.14
2023-07-15,93.0,79.0,74.33448275862068,74.77931034482758,1016.5875,3.090161290322581,0.68
2023-07-16,95.0,75.0,78.3008,75.32,1017.1791666666667,3.8750825082508245,0.59
2023-07-17,94.0,76.0,80.31821428571428,75.64285714285714,1017.8416666666667,3.3904530744336574,2.35
2023-07-18,90.0,79.0,76.82285714285715,75.07142857142857,1018.7375000000001,3.0456451612903224,0.41000000000000003
2023-07-19,91.0,79.0,72.90137931034482,75.80689655172414,1019.6913043478262,5.876325757575757,2.31
2023-07-20,93.0,84.0,69.39,76.0206896551724,1019.1,6.584677419354839,0.71
2023-07-21,93.0,84.0,68.7324,75.52,1016.6458333333334,5.4767326732673265,0.0
2023-07-22,97.0,81.0,64.69125,74.08333333333333,1015.0291666666667,3.910774410774411,0.0
2023-07-23,97.0,82.0,63.86958333333334,75.0,1016.5916666666667,5.7421768707483,0.0
2023-07-24,96.0,83.0,60.332307692307694,73.8076923076923,1019.5749999999999,4.692741935483871,0.0
2023-07-25,94.0,85.0,61.13375,73.29166666666667,1019.9250000000001,5.91266447368421,0.0
2023-07-26,88.0,76.0,74.71870967741935,74.26451612903226,1018.1999999999999,5.66038961038961,1.6300000000000001
2023-07-27,87.8,77.0,77.05594594594595,73.87567567567568,1016.8791666666666,5.211624203821656,0.9400000000000001
2023-07-28,88.0,76.0,78.87277777777778,75.42777777777778,1018.1541666666667,5.2147798742138365,6.2
2023-07-29,92.0,81.0,71.55279999999999,75.888,1018.6750000000001,6.525239616613418,0.09
2023-07-30,93.0,82.0,71.80346153846153,76.0,1017.0583333333334,5.239710610932476,0.0
2023-07-31,93.0,82.0,68.41346153846153,75.84615384615384,1016.125,5.73525641025641,0.0
2023-08-01,93.0,81.0,71.806875,74.2375,1016.8416666666667,2.865873015873016,0.05
2023-08-02,92.0,80.0,73.34,75.07692307692308,1016.7624999999999,2.764423076923077,2.47
2023-08-03,92.0,79.0,76.66833333333334,74.96666666666667,1016.3166666666666,3.49003164556962,2.92
2023-08-04,90.0,77.0,76.11075,75.51,1015.0625,4.1091900311526475,11.450000000000001
2023-08-05,93.0,81.0,72.49558823529412,75.8,1015.3583333333332,3.5785714285714283,7.3
2023-08-06,95.0,82.0,70.88379310344828,76.62068965517241,1016.7083333333334,4.103993610223642,2.28
2023-08-07,94.0,83.0,70.88625,77.375,1017.7333333333332,5.093910256410256,0.0
2023-08-08,95.0,83.0,68.15642857142858,76.88571428571429,1017.7208333333333,5.952280130293159,0.14
2023-08-09,94.0,84.0,73.58562500000001,77.85,1016.1875,4.04888178913738,0.1
2023-08-10,93.0,81.0,72.88766666666668,76.92666666666668,1015.4083333333333,3.5798387096774196,0.3
2023-08-11,93.0,80.0,76.3648275862069,76.13793103448276,1015.1458333333334,3.1624999999999996,7.06
2023-08-12,93.0,83.0,68.145,75.70833333333333,1015.3125,6.673076923076923,0.0
2023-08-13,93.0,83.0,71.60375,76.29166666666667,1016.1416666666668,8.833059210526315,0.0
2023-08-14,93.0,84.0,68.34192307692307,76.73846153846154,1017.2083333333334,6.626366559485531,0.0
2023-08-15,93.2,78.0,72.14172413793104,76.4551724137931,1016.1083333333332,6.0375000000000005,0.25
2023-08-16,91.0,79.0,74.91250000000001,75.08333333333333,1015.2791666666667,5.898867313915858,0.49
2023-08-17,92.0,75.0,76.0834375,73.54375,1015.7041666666668,5.024496644295302,23.43
2023-08-18,89.0,75.0,81.81742857142858,74.14285714285714,1015.8458333333333,2.758544303797468,7.23
2023-08-19,91.0,79.0,75.03666666666668,74.58333333333333,1013.9166666666666,5.897909967845659,0.39
2023-08-20,88.0,77.0,79.84057142857144,75.0,1015.0,6.150341296928327,4.97
2023-08-21,91.0,83.0,70.39730769230769,75.07692307692308,1015.3125,11.077946127946129,1.07
2023-08-22,92.0,84.0,65.52916666666667,74.16666666666667,1013.8666666666667,10.805369127516778,0.0
2023-08-23,92.0,80.0,69.14769230769231,74.53846153846153,1012.2958333333332,6.6453020134228185,0.81
2023-08-24,93.0,78.0,63.1084,71.64,1012.5833333333334,6.20112540192926,0.29
2023-08-25,92.0,78.0,71.21000000000001,74.38461538461539,1012.5458333333332,5.942903225806451,1.6900000000000002
2023-08-26,92.0,80.0,65.85333333333334,73.08333333333333,1010.1875,5.300184501845018,0.0
2023-08-27,93.0,80.0,72.90961538461539,75.3076923076923,1007.7791666666667,5.0525806451612905,0.0
2023-08-28,90.0,82.0,73.685625,76.75,1009.0166666666668,4.893064516129032,0.5700000000000001
2023-08-29,92.0,78.0,75.96916666666667,76.88888888888889,1010.9541666666668,9.044483985765124,3.92
2023-08-30,94.0,82.0,71.58538461538461,76.53846153846153,1009.8791666666666,12.254524886877828,0.0
2023-08-31,95.0,80.0,73.05741935483871,77.03225806451613,1012.3125,7.952871621621623,0.25
2023-09-01,94.0,79.0,76.28851851851852,75.66666666666667,1016.1625,2.7359477124183003,1.22
2023-09-02,90.0,75.2,78.33393939393939,73.81212121212121,1016.6666666666666,6.293569131832797,1.4200000000000002
2023-09-03,89.0,78.0,61.03875,68.91666666666667,1014.8791666666666,6.995833333333334,0.0
2023-09-04,90.0,83.0,57.59791666666666,69.25,1014.3375,10.502205882352941,0.0
2023-09-05,90.0,82.0,60.03916666666667,70.08333333333333,1015.5,8.982432432432432,0.0
2023-09-06,90.0,79.0,58.62416666666667,68.54166666666667,1015.2833333333333,6.124143835616438,0.0
2023-09-07,92.0,80.0,62.52041666666667,69.91666666666667,1013.6999999999999,5.595409836065573,0.0
2023-09-08,91.0,78.0,63.431666666666665,70.16666666666667,1013.3666666666667,4.504801324503312,0.0
2023-09-09,89.0,77.0,71.36857142857143,72.54285714285714,1013.9041666666667,4.20064308681672,4.26
2023-09-10,89.0,77.0,74.14129032258064,74.06451612903226,1015.1125000000001,3.42411575562701,20.9
2023-09-11,92.0,79.0,72.15541666666667,74.70833333333333,1015.8916666666668,3.6142857142857143,0.0
2023-09-12,93.0,80.0,68.59416666666667,74.75,1015.1458333333334,6.233224755700325,0.0
2023-09-13,93.0,83.0,66.68592592592593,74.25925925925925,1013.0,4.866237942122186,0.05
2023-09-14,92.0,80.0,72.99192307692307,75.34615384615384,1011.5434782608696,3.6185667752442994,0.0
2023-09-15,90.0,78.0,79.33411764705883,75.05882352941177,1012.5833333333334,3.9976190476190476,4.73
2023-09-16,90.0,76.0,82.115,74.83157894736841,1013.8260869565217,2.8481308411214954,37.01
2023-09-17,90.0,78.0,81.82648648648649,75.09189189189189,1013.3416666666667,3.945498392282958,6.33
2023-09-18,93.0,77.0,76.742,75.04,1012.5708333333333,3.1531045751633986,1.58
2023-09-19,92.0,77.0,78.32758620689656,74.93793103448276,1013.4916666666667,3.999032258064516,2.1
2023-09-20,91.0,73.0,77.10375,72.49375,1014.65,6.487947882736156,7.32
2023-09-21,92.0,75.0,75.58875,73.375,1014.3708333333334,3.279903536977492,1.7
2023-09-22,89.0,76.0,72.11333333333333,71.5,1012.1916666666666,4.1288709677419355,0.0
2023-09-23,85.0,77.0,73.87,71.3125,1011.8458333333333,5.613009404388714,0.08
2023-09-24,90.0,78.0,72.99692307692308,72.73076923076923,1012.3125,4.794728434504792,0.30000000000000004
2023-09-25,91.0,72.0,78.24666666666667,72.93333333333334,1015.3173913043478,6.161258278145696,6.8
2023-09-26,90.0,80.0,72.33962962962963,75.25925925925925,1016.1041666666666,7.469453376205788,0.05
2023-09-27,88.0,77.0,79.62620689655172,74.55862068965517,1014.4333333333334,7.0350793650793655,17.07
2023-09-28,89.0,77.0,81.44064516129032,75.0,1012.5833333333334,3.766613924050633,0.0
2023-09-29,93.0,80.0,73.20379310344828,75.10344827586206,1012.7583333333333,2.8603503184713377,0.0
2023-09-30,92.0,80.0,77.06481481481481,76.07407407407408,1013.8833333333333,3.2455555555555557,1.6
2023-10-01,91.0,78.8,77.79807692307692,74.93846153846154,1013.6625,4.366993464052287,0.77
2023-10-02,86.0,78.0,78.9605,74.46000000000001,1012.7791666666667,6.951273885350318,5.35
2023-10-03,88.0,79.0,64.43583333333333,69.75,1012.4666666666667,9.290196078431373,0.32
2023-10-04,89.0,79.0,63.20541666666667,69.75,1012.2833333333333,6.960130718954249,0.0
2023-10-05,91.0,80.0,67.73208333333334,72.16666666666667,1012.2583333333333,5.38274193548387,0.0
2023-10-06,91.0,77.0,69.33749999999999,72.45833333333333,1011.6833333333334,2.9529032258064514,0.0
2023-10-07,90.0,80.0,68.97208333333333,73.0,1012.0749999999999,3.0131493506493503,0.0
2023-10-08,90.0,78.0,76.93074074074075,74.07407407407408,1011.1583333333333,2.9259493670886076,9.9
2023-10-09,86.0,78.0,73.88964285714285,72.25714285714285,1011.25,3.574126984126984,0.0
2023-10-10,90.0,78.0,71.92321428571428,72.5,1011.6666666666666,2.706528662420382,0.0
2023-10-11,86.0,78.0,81.20341463414634,75.80000000000001,1010.8625000000001,4.369999999999999,19.2
2023-10-12,93.0,84.0,71.92583333333333,76.79166666666667,1008.65,9.352409638554217,0.0
2023-10-13,93.0,84.0,72.56166666666667,76.79166666666667,1009.6125000000001,7.673013245033113,0.0
2023-10-14,86.0,80.0,86.46880952380953,78.44761904761906,1010.5208333333334,5.522796352583587,16.0
2023-10-15,89.0,77.0,69.82125,71.58333333333333,1009.0458333333332,7.4582524271844655,0.0
2023-10-16,83.0,73.0,60.16083333333333,61.208333333333336,1009.9875000000001,7.9431089743589745,0.0
2023-10-17,76.0,64.0,51.71333333333333,51.5,1014.9541666666668,8.662581699346406,0.0
2023-10-18,84.0,66.0,54.242916666666666,55.75,1017.1833333333334,7.44551282051282,0.0
2023-10-19,86.0,72.0,59.504583333333336,62.458333333333336,1016.1833333333334,6.287903225806452,0.0
2023-10-20,84.0,77.0,64.73666666666666,66.5,1012.2583333333333,4.063826366559486,0.0
2023-10-21,87.0,69.0,66.94916666666667,66.04166666666667,1012.3166666666666,4.267694805194806,0.0
2023-10-22,86.0,74.0,65.46374999999999,66.16666666666667,1014.5041666666666,4.415112540192926,0.0
2023-10-23,87.0,71.0,57.62625,62.875,1015.9416666666666,4.418810289389068,0.0
2023-10-24,84.0,78.0,60.53458333333333,65.83333333333333,1017.8874999999999,9.155923344947736,0.0
2023-10-25,85.0,78.0,59.22125,64.95833333333333,1018.5208333333334,11.688461538461539,0.0
2023-10-26,86.0,78.0,63.00653846153846,66.96153846153847,1017.9583333333334,11.94700996677741,0.24
2023-10-27,85.0,78.0,60.80041666666667,66.75,1018.1041666666666,11.590273037542662,0.86
2023-10-28,85.0,79.0,61.32749999999999,66.75,1017.2041666666668,11.046854304635762,0.2
2023-10-29,86.0,79.0,63.47,68.08333333333333,1015.0666666666666,11.11042345276873,0.0
2023-10-30,89.0,78.0,68.06,70.5,1012.2958333333332,6.720779220779221,0.30000000000000004
2023-10-31,90.0,77.0,68.42041666666667,70.875,1010.4166666666666,3.766343042071197,0.0
2023-11-01,87.0,74.0,62.51624999999999,66.16666666666667,1012.6583333333333,6.832792207792208,0.0
2023-11-02,80.0,72.0,73.41612903225807,66.2258064516129,1018.4625,10.958361774744027,2.33
2023-11-03,83.0,76.0,61.16461538461538,64.15384615384616,1019.3416666666667,12.693771626297577,0.0
2023-11-04,83.0,74.0,74.03866666666666,68.3,1016.9416666666666,7.618296529968454,0.0
2023-11-05,85.0,71.0,76.49875,67.5875,1014.9125,5.710220125786163,0.0
2023-11-06,85.0,68.0,57.1875,59.666666666666664,1015.5083333333333,6.389710610932476,0.0
2023-11-07,85.0,73.0,66.73583333333333,66.375,1016.3583333333332,5.976229508196721,0.0
2023-11-08,85.0,71.0,66.51541666666667,66.20833333333333,1016.9333333333334,4.699606299212599,0.0
2023-11-09,85.0,74.0,69.05714285714285,68.75,1016.8208333333333,6.929967426710098,0.1
2023-11-10,87.0,77.0,73.46600000000001,72.52,1016.8208333333333,8.84758064516129,0.0
2023-11-11,88.0,81.0,68.75791666666667,71.95833333333333,1017.8833333333333,9.749032258064515,0.0
2023-11-12,87.0,77.0,68.06333333333333,70.08333333333333,1018.8333333333334,7.760596026490066,0.0
2023-11-13,86.0,77.0,70.48,70.25384615384615,1018.3125,5.839902280130293,0.0
2023-11-14,83.0,74.0,81.316875,71.9375,1016.7333333333332,5.815714285714286,2.96
2023-11-15,80.0,73.0,83.72428571428571,71.08571428571429,1015.4583333333334,16.261254612546125,21.14
2023-11-16,80.0,69.0,85.08717948717948,68.82564102564102,1010.725,12.579109589041096,44.63
2023-11-17,83.0,74.0,81.0996875,69.9375,1008.5291666666667,3.5624605678233436,0.0
2023-11-18,79.0,71.6,79.209,67.9,1007.6291666666666,6.561980830670927,0.0
2023-11-19,85.0,70.0,69.23083333333334,64.75,1010.4708333333333,5.674590163934426,0.0
2023-11-20,85.0,69.0,69.81833333333333,66.375,1014.6125000000001,5.20704918032787,0.0
2023-11-21,83.0,76.0,63.48708333333334,65.75,1016.7208333333333,12.622895622895623,0.0
2023-11-22,86.0,74.0,66.91291666666667,67.375,1015.2083333333334,6.803236245954692,0.0
2023-11-23,84.0,73.0,75.64030303030303,68.81212121212121,1014.8583333333332,4.088888888888889,0.0
2023-11-24,82.0,73.0,76.49939393939394,69.03030303030303,1017.2375000000001,3.844182389937107,0.08
2023-11-25,83.0,73.0,82.07645161290323,70.01290322580645,1017.775,5.052698412698413,0.05
2023-11-26,84.0,75.0,74.18222222222222,70.76296296296296,1015.7833333333333,6.148821548821549,0.83
2023-11-27,80.0,72.0,79.855,69.61333333333333,1015.8541666666666,4.867356687898089,0.0
2023-11-28,76.0,64.0,65.21041666666666,57.208333333333336,1019.3166666666666,5.537175324675325,0.0
2023-11-29,76.0,59.0,62.48291666666666,53.333333333333336,1019.7041666666668,6.195765472312703,0.0
2023-11-30,81.0,64.0,62.77625,58.083333333333336,1019.3541666666666,6.04859649122807,0.0
2023-12-01,85.0,70.0,74.4456,68.72,1018.4166666666666,6.0594684385382065,0.0
2023-12-02,85.0,78.0,78.96153846153847,73.34615384615384,1017.475,7.968387096774193,0.0
2023-12-03,88.0,76.0,75.37807692307692,72.16923076923078,1016.4458333333333,4.37,0.0
2023-12-04,85.0,72.0,75.80291666666666,70.125,1016.3833333333333,2.8065916398713826,0.0
2023-12-05,83.0,72.0,64.09615384615384,63.23076923076923,1017.6958333333333,3.8886217948717947,0.0
2023-12-06,75.0,62.0,51.206250000000004,47.541666666666664,1018.725,7.248709677419354,0.0
2023-12-07,75.0,57.0,59.51083333333333,49.541666666666664,1021.2416666666667,6.264072847682119,0.0
2023-12-08,78.0,65.0,62.52291666666667,58.875,1020.5583333333334,8.805944055944057,0.0
2023-12-09,81.0,74.0,67.455,64.875,1020.475,11.593014705882354,0.0
2023-12-10,82.0,73.0,73.34625,68.16666666666667,1017.0500000000001,9.48548951048951,0.0
2023-12-11,78.0,67.0,74.72769230769231,61.76923076923077,1015.9208333333332,6.467363344051447,0.05
2023-12-12,76.0,59.0,69.86416666666666,56.083333333333336,1021.8375,7.577138157894736,0.0
2023-12-13,75.2,71.6,82.23702702702703,67.91891891891892,1022.7583333333333,11.784690553745929,3.79
2023-12-14,74.0,70.0,85.45333333333333,67.54545454545455,1022.1708333333332,13.926838235294117,0.98
2023-12-15,74.0,69.0,75.16799999999999,63.28,1020.8416666666667,16.03281786941581,1.29
2023-12-16,76.0,71.0,84.87689655172413,68.48275862068965,1016.1374999999999,16.339810426540282,4.19
2023-12-17,78.0,70.0,84.4928205128205,69.29743589743589,1006.3708333333334,14.571341463414635,7.71
2023-12-18,74.0,61.0,72.06458333333333,56.958333333333336,1011.8249999999999,6.502931596091205,0.0
2023-12-19,73.0,55.0,65.19166666666666,50.833333333333336,1017.9208333333332,7.288461538461538,0.0
2023-12-20,71.0,57.0,65.67041666666667,52.458333333333336,1022.5083333333333,7.815533980582524,0.0
2023-12-21,77.0,69.0,50.60541666666666,52.041666666666664,1023.0375,10.754054054054054,0.0
2023-12-22,75.0,66.0,58.54208333333333,54.875,1022.3541666666666,6.376237623762377,0.0
2023-12-23,76.0,66.0,71.89423076923077,61.33076923076923,1021.2375000000001,6.67231543624161,0.92
2023-12-24,78.0,69.0,69.04875,62.375,1019.6333333333333,11.376022304832714,0.0
2023-12-25,76.0,73.0,75.52958333333333,65.75,1016.8458333333333,12.486271186440677,0.6
2023-12-26,82.4,71.0,84.8775,69.84444444444445,1013.0916666666667,8.094089456869009,4.53
2023-12-27,76.0,65.0,83.02264705882352,64.20588235294117,1014.1708333333332,4.428073089700996,0.0
2023-12-28,69.0,61.0,80.74192307692307,58.88461538461539,1013.6,5.487583892617449,4.95
2023-12-29,70.0,61.0,78.59958333333334,57.5,1016.1916666666666,4.378694158075602,0.0
2023-12-30,66.0,59.0,69.97916666666667,52.041666666666664,1020.4291666666667,2.671598639455782,0.0
2023-12-31,70.0,55.0,66.77041666666666,49.708333333333336,1023.1208333333334,2.240104166666667,0.0
2024-01-01,72.0,53.0,68.0936,50.84,1023.128,1.9542229729729728,0.0
2024-01-02,71.0,57.0,70.94416666666667,52.541666666666664,1021.2541666666666,3.6121311475409836,0.0
2024-01-03,73.0,56.0,62.419999999999995,50.083333333333336,1019.2833333333333,5.125259515570934,0.0
2024-01-04,78.8,60.0,75.26192307692307,61.06923076923077,1016.1583333333333,4.224333333333333,0.0
2024-01-05,77.0,63.0,73.42296296296297,60.925925925925924,1018.3958333333334,8.773920863309353,0.0
2024-01-06,80.0,71.0,80.71931034482759,68.78620689655172,1014.7458333333334,12.084488448844883,0.41000000000000003
2024-01-07,73.0,64.0,85.488125,65.275,1016.6625,4.994719471947194,0.62
2024-01-08,75.0,62.0,70.94444444444444,58.96296296296296,1020.4416666666666,7.209139784946236,0.0
2024-01-09,79.0,72.0,81.67633333333333,69.6,1014.3041666666667,15.733628318584072,0.16
2024-01-10,78.0,64.0,75.7437037037037,61.44444444444444,1014.0708333333333,5.2963667820069205,0.66
2024-01-11,70.0,63.0,85.18205882352942,61.57058823529412,1016.6291666666666,3.6225,1.4100000000000001
2024-01-12,86.0,66.0,87.30212121212122,71.27272727272727,1013.8625000000001,8.11205035971223,1.09
2024-01-13,86.0,69.8,83.98636363636365,71.07272727272728,1013.0166666666668,9.091272727272727,0.0
2024-01-14,75.0,64.0,79.60821428571428,62.357142857142854,1018.0458333333332,6.7368794326241135,0.51
2024-01-15,80.6,67.0,82.27909090909091,68.81818181818181,1017.8083333333334,11.504121863799284,0.0
2024-01-16,84.0,73.0,84.67166666666667,71.95833333333333,1015.0375,7.194765342960289,0.18
2024-01-17,75.0,64.4,82.36181818181818,65.01818181818182,1018.6374999999999,6.769964664310955,0.48
2024-01-18,80.0,69.0,77.4351724137931,66.48275862068965,1020.0749999999999,8.727678571428571,0.0
2024-01-19,76.0,70.0,88.92742857142858,69.08571428571429,1017.0666666666666,3.3884615384615384,0.03
2024-01-20,73.0,65.0,67.66208333333334,57.208333333333336,1019.2666666666668,6.212546125461254,0.0
2024-01-21,70.0,52.0,59.865,46.458333333333336,1025.2250000000001,9.897752808988763,0.0
2024-01-22,75.0,65.0,58.346666666666664,54.166666666666664,1027.4083333333333,14.04517766497462,0.13
2024-01-23,79.0,70.0,63.55166666666667,60.666666666666664,1025.0791666666667,15.20406976744186,0.0
2024-01-24,81.0,73.0,74.57035714285713,67.73571428571428,1023.2333333333332,14.10840909090909,0.0
2024-01-25,79.0,75.0,77.29133333333333,68.7,1022.1333333333333,12.01294964028777,0.0
2024-01-26,81.0,72.0,76.29916666666666,67.875,1021.4833333333332,9.188422818791947,0.0
2024-01-27,81.0,74.0,78.442,69.88,1019.8000000000001,9.768817204301076,0.0
2024-01-28,84.0,71.0,80.8004,69.84,1017.4791666666666,7.38967741935484,0.0
2024-01-29,72.0,57.0,62.9275,49.0,1018.1666666666666,10.691993464052288,0.0
2024-01-30,71.0,54.0,64.85875,48.791666666666664,1019.9291666666667,4.447903225806451,0.0
2024-01-31,72.0,56.0,60.184583333333336,48.75,1018.6708333333332,6.874032258064515,0.0
2024-02-01,72.0,56.0,63.803333333333335,51.458333333333336,1018.6791666666667,5.330098684210526,0.0
2024-02-02,75.0,62.0,61.379999999999995,53.958333333333336,1016.1583333333333,3.8320846905537462,0.0
2024-02-03,77.0,57.0,68.72041666666667,56.833333333333336,1012.0749999999999,4.958441558441558,0.0
2024-02-04,74.0,62.0,74.8258620689655,59.88965517241379,1006.15,8.147712418300653,7.39
2024-02-05,68.0,62.0,82.10000000000001,58.416666666666664,1001.9416666666666,3.8736842105263154,0.91
2024-02-06,70.0,57.0,78.1951724137931,53.86206896551724,1004.4541666666668,9.426290322580645,0.0
2024-02-07,76.0,56.0,61.032916666666665,49.791666666666664,1015.5666666666666,9.791639871382635,0.0
2024-02-08,76.0,59.0,68.41208333333333,56.0,1021.2125,6.181768953068592,0.0
2024-02-09,76.0,67.0,61.5612,56.672,1022.2708333333334,8.3016835016835,0.24
2024-02-10,78.0,70.0,60.59,58.708333333333336,1020.9666666666667,9.853767123287671,0.0
2024-02-11,79.0,72.0,77.81285714285715,66.88571428571429,1017.6125000000001,10.959059233449477,0.3
2024-02-12,85.0,72.0,75.76423076923078,67.99230769230769,1014.1208333333334,9.925261324041813,0.0
2024-02-13,81.0,71.0,75.03,65.63333333333334,1014.2333333333332,6.921835443037975,0.7
2024-02-14,79.0,58.0,67.9075,56.416666666666664,1019.0958333333333,6.896166666666667,0.0
2024-02-15,77.0,66.0,61.737500000000004,57.041666666666664,1021.0791666666668,6.903745928338761,0.0
2024-02-16,77.0,67.0,67.21583333333334,60.666666666666664,1018.3625000000001,7.097359735973598,0.0
2024-02-17,83.0,66.0,75.04333333333334,65.66666666666667,1013.5041666666666,5.519243421052631,0.0
2024-02-18,77.0,66.2,89.60194444444444,67.55555555555556,1010.3625000000001,5.93370607028754,14.55
2024-02-19,69.0,60.0,85.30677419354839,59.38709677419355,1014.8166666666666,8.637697160883281,2.61
2024-02-20,70.0,54.0,62.290416666666665,47.083333333333336,1022.4041666666667,5.250657894736842,0.0
2024-02-21,73.0,55.0,52.05916666666667,43.208333333333336,1022.3874999999999,5.6743421052631575,0.0
2024-02-22,74.0,56.0,59.67041666666666,50.333333333333336,1019.5625,4.913980263157894,0.0
2024-02-23,79.0,56.0,66.99374999999999,56.125,1014.6208333333334,4.978082191780822,0.0
2024-02-24,76.0,64.0,71.5028125,57.825,1014.0916666666667,6.553174603174603,0.18
2024-02-25,76.0,54.0,48.531666666666666,43.916666666666664,1020.6125000000001,5.035032894736842,0.0
2024-02-26,76.0,57.0,59.03666666666667,50.833333333333336,1022.0291666666667,4.6993355481727574,0.0
2024-02-27,77.0,59.0,61.20583333333334,54.208333333333336,1020.9541666666668,6.872525597269625,0.0
2024-02-28,79.0,69.0,67.35875,61.75,1020.2125,10.064455782312924,0.0
2024-02-29,81.0,66.0,74.8325,64.29166666666667,1021.8041666666667,5.222757475083056,0.0
2024-03-01,79.0,72.0,71.50576923076923,65.32307692307693,1022.4041666666667,11.616666666666665,0.0
2024-03-02,79.0,72.0,75.28185185185185,66.62962962962963,1021.1041666666666,9.111538461538462,0.0
2024-03-03,82.0,73.0,78.26925925925926,68.18518518518519,1018.6583333333333,6.823089171974522,0.0
2024-03-04,84.0,69.0,82.15321428571428,68.25,1017.2375000000001,4.675907590759076,1.9500000000000002
2024-03-05,82.0,73.0,75.64444444444445,68.65925925925926,1015.2916666666666,7.645439739413681,0.0
2024-03-06,80.0,69.8,80.37868421052632,68.74736842105263,1013.0571428571429,7.636403508771929,1.83
2024-03-07,86.0,70.0,83.2948275862069,70.36551724137931,1012.8583333333332,2.9534090909090907,0.83
2024-03-08,84.0,71.0,81.41666666666667,70.91666666666667,1014.8833333333333,4.731535947712418,0.0
2024-03-09,85.0,76.0,77.50344827586207,72.12413793103448,1014.1374999999999,9.59187898089172,0.0
2024-03-10,87.0,76.0,79.03962962962963,72.25925925925925,1013.6333333333333,8.150811688311688,0.0
2024-03-11,79.0,65.0,65.26041666666667,60.25,1018.6458333333334,8.28076923076923,0.0
2024-03-12,79.0,68.0,59.465833333333336,58.375,1020.3208333333333,7.486129032258064,0.0
2024-03-13,81.0,67.0,67.55166666666666,62.416666666666664,1018.15,5.855228758169935,0.0
2024-03-14,84.0,70.0,65.82416666666667,63.958333333333336,1018.5124999999999,7.335032894736842,0.0
2024-03-15,82.0,73.0,67.60533333333333,65.21333333333334,1018.4375,10.995214521452146,0.0
2024-03-16,86.0,72.0,74.05875,69.0,1015.5541666666667,6.866504854368932,0.0
2024-03-17,85.0,74.0,76.7188,71.04,1013.6333333333333,7.952287581699347,0.0
2024-03-18,90.0,73.0,71.45791666666666,69.75,1013.0041666666666,6.884868421052632,0.0
2024-03-19,82.0,66.0,67.00185185185185,61.592592592592595,1014.7624999999999,8.890235690235691,0.0
2024-03-20,77.0,63.0,62.54916666666667,56.708333333333336,1017.4250000000001,7.019093851132687,0.0
2024-03-21,79.0,69.0,65.11666666666666,61.25,1017.9625,8.318466898954703,0.0
2024-03-22,75.0,68.0,78.6478125,64.3125,1016.0208333333334,11.583396946564886,12.21
2024-03-23,79.0,68.0,90.58904761904762,68.5904761904762,1008.875,5.256089743589744,17.76
2024-03-24,81.0,64.0,69.41583333333334,60.791666666666664,1009.7375000000001,7.612086092715232,0.0
2024-03-25,79.0,72.0,66.38,62.888888888888886,1014.3416666666667,13.32808764940239,0.53
2024-03-26,81.0,73.0,67.49296296296296,64.82222222222222,1014.3000000000001,13.13515625,0.0
2024-03-27,82.4,73.0,75.01172413793104,68.61379310344827,1014.0583333333334,10.49790996784566,0.0
2024-03-28,85.0,76.0,72.39884615384615,69.07692307692308,1011.9416666666666,11.488538205980067,0.0
2024-03-29,80.0,65.0,59.979166666666664,57.041666666666664,1017.6333333333333,9.157118644067797,0.0
2024-03-30,77.0,65.0,52.365,53.375,1020.4499999999999,8.438311688311689,0.0
2024-03-31,79.0,65.0,57.24333333333333,56.166666666666664,1020.3166666666666,7.349511400651466,0.0
2024-04-01,81.0,70.0,64.42875,61.791666666666664,1019.4625,7.204193548387098,0.0
2024-04-02,84.0,71.0,71.0026923076923,66.6923076923077,1016.1041666666666,9.88904958677686,0.0
2024-04-03,89.0,74.0,73.14962962962963,70.31111111111112,1010.6541666666667,9.968237704918034,0.0
2024-04-04,82.0,71.0,71.4790625,65.2625,1010.6374999999999,8.962333333333333,3.67
2024-04-05,79.0,65.0,54.29333333333333,53.083333333333336,1015.9375,6.109136212624584,0.0
2024-04-06,81.0,62.0,51.28125,51.875,1016.6958333333333,4.882847896440129,0.0
2024-04-07,79.0,65.0,59.321666666666665,57.375,1016.1166666666667,6.750500000000001,0.0
2024-04-08,80.0,69.0,55.82916666666667,56.75,1019.4916666666667,9.571933085501858,0.0
2024-04-09,80.0,73.0,59.92291666666667,60.0,1019.4791666666666,14.695531914893616,0.0
2024-04-10,81.0,73.0,64.54791666666667,63.5,1016.375,13.099425287356322,0.0
2024-04-11,87.0,76.0,71.97,70.68888888888888,1013.7375000000001,13.369322709163345,0.0
2024-04-12,83.0,71.0,68.25259259259259,64.66666666666667,1018.0041666666666,7.094850498338871,0.31
2024-04-13,81.0,65.0,55.074999999999996,55.291666666666664,1022.1166666666667,8.278501628664495,0.0
2024-04-14,79.0,67.0,55.2224,55.88,1021.4666666666667,7.181711409395973,0.0
2024-04-15,80.0,65.0,58.86041666666666,57.541666666666664,1019.15,6.12327868852459,0.0
2024-04-16,82.0,70.0,58.12166666666667,60.0,1018.9958333333334,9.325355450236968,0.0
2024-04-17,81.0,73.0,60.651250000000005,62.166666666666664,1019.4333333333334,12.288306451612904,0.0
2024-04-18,83.0,70.0,63.095,62.791666666666664,1018.5875,8.929411764705883,0.0
2024-04-19,84.0,72.0,68.9812,66.08,1017.775,6.499185667752443,0.0
2024-04-20,84.0,73.0,68.91269230769231,67.11538461538461,1018.0391304347827,5.7946601941747575,0.0
2024-04-21,86.0,74.0,67.67375,67.375,1016.1041666666666,6.983223684210526,0.0
2024-04-22,84.0,73.0,77.275,69.32666666666667,1014.5833333333334,5.046815286624204,7.5200000000000005
2024-04-23,80.0,69.0,64.87416666666667,61.125,1018.4541666666668,9.139473684210527,0.0
2024-04-24,80.0,70.0,56.02708333333334,57.333333333333336,1019.8125,7.393399339933993,0.0
2024-04-25,82.0,69.0,56.85333333333333,58.75,1019.3833333333333,8.104761904761906,0.0
2024-04-26,82.0,69.0,58.00791666666667,60.166666666666664,1019.1208333333334,7.867586206896552,0.0
2024-04-27,81.0,74.0,60.7868,62.6,1020.4791666666666,14.69873949579832,0.0
2024-04-28,82.0,74.0,63.3196,63.24,1019.6374999999999,16.6875,0.5800000000000001
2024-04-29,82.0,73.0,58.92958333333333,61.375,1017.9833333333332,14.007884615384617,0.0
2024-04-30,83.0,70.0,83.79880952380952,69.03333333333333,1016.0375,10.338942307692308,9.6
2024-05-01,83.0,71.0,82.09763157894737,70.3578947368421,1014.3541666666666,6.892901234567902,12.370000000000001
2024-05-02,84.0,74.0,68.96541666666667,67.95833333333333,1013.6,8.846153846153847,0.0
2024-05-03,85.0,75.0,66.14777777777778,66.97777777777777,1014.2541666666666,10.35,0.1
2024-05-04,85.0,74.0,67.95666666666666,67.875,1015.4166666666666,11.675086505190311,0.26
2024-05-05,83.0,76.0,67.18958333333333,67.54166666666667,1016.5291666666667,12.193965517241379,0.0
2024-05-06,84.0,75.0,69.07875,68.375,1016.4458333333333,11.77195945945946,0.0
2024-05-07,85.0,76.0,70.30416666666666,69.54166666666667,1013.9708333333333,9.548371335504886,0.0
2024-05-08,86.0,78.0,70.04625,70.29166666666667,1013.4833333333332,8.543910256410255,0.0
2024-05-09,86.0,77.0,70.47,70.70370370370371,1013.8333333333334,9.67611464968153,0.0
2024-05-10,93.0,76.0,65.46,69.64,1012.3416666666667,5.371917808219178,0.0
2024-05-11,93.0,75.2,73.10296296296296,72.34814814814816,1011.0875,8.086624203821655,0.0
2024-05-12,90.0,76.0,73.0172,72.32,1012.7708333333334,8.277722772277228,0.0
2024-05-13,88.0,78.0,74.81296296296297,73.96296296296296,1013.9958333333334,10.53658940397351,0.0
2024-05-14,90.0,82.0,71.72833333333334,74.29166666666667,1013.7041666666668,12.297643097643098,0.0
2024-05-15,94.0,81.0,68.2592,74.28,1012.475,9.742950819672132,0.0
2024-05-16,93.0,83.0,67.64866666666667,74.33333333333333,1011.4208333333332,9.947133757961783,0.0
2024-05-17,92.0,78.0,73.73166666666667,75.375,1012.6791666666667,6.853846153846154,0.0
2024-05-18,93.0,81.0,75.13916666666667,77.58333333333333,1014.4625,8.580483870967742,0.0
2024-05-19,95.0,83.0,69.84416666666667,76.08333333333333,1013.7541666666666,7.250331125827814,0.0
2024-05-20,93.0,80.0,63.64625,71.08333333333333,1011.9208333333332,7.4923076923076914,0.0
2024-05-21,89.0,72.0,71.0975,70.03571428571429,1012.1708333333332,5.041414141414141,6.64
2024-05-22,89.0,77.0,67.82166666666667,70.45833333333333,1014.1,5.989900662251656,0.0
2024-05-23,89.0,78.0,62.44833333333333,68.625,1015.1541666666667,6.599830508474576,0.0
2024-05-24,89.0,77.0,61.951666666666675,68.45833333333333,1014.15,6.235034013605442,0.0
2024-05-25,91.0,79.0,63.192083333333336,70.08333333333333,1013.6333333333333,5.76962457337884,0.0
2024-05-26,95.0,78.0,64.47916666666667,71.66666666666667,1013.6833333333334,6.408223684210526,0.0
2024-05-27,92.0,79.0,65.23,72.75,1015.2541666666666,5.538852459016393,0.0
2024-05-28,91.0,80.0,73.71457142857143,75.20571428571428,1016.4833333333332,6.332324840764331,4.279999999999999
2024-05-29,94.0,80.0,69.21291666666666,73.91666666666667,1016.4708333333333,5.588461538461539,0.0
2024-05-30,90.0,74.0,72.25885714285714,71.25714285714285,1016.3291666666668,5.4944444444444445,14.12
2024-05-31,89.0,79.0,61.931666666666665,69.41666666666667,1017.125,8.810361842105262,0.0
2024-06-01,87.0,79.0,63.24791666666667,68.875,1018.0416666666666,12.3625,0.0
2024-06-02,85.0,75.0,74.17192307692308,71.76923076923077,1016.8000000000001,12.212676056338028,0.42
2024-06-03,86.0,77.0,67.11708333333333,69.79166666666667,1014.5583333333334,9.073076923076922,0.0
2024-06-04,89.0,76.0,62.065416666666664,67.5,1012.8791666666666,5.956312292358803,0.0
2024-06-05,90.0,80.0,68.93440000000001,72.88,1012.3000000000001,8.272333333333332,0.0
2024-06-06,91.0,82.0,72.23,75.43076923076923,1011.5291666666667,7.423397435897436,0.0
2024-06-07,92.0,79.0,73.54357142857144,74.55,1012.125,4.052733118971061,0.27
2024-06-08,89.0,77.0,76.85633333333334,74.69333333333334,1013.5916666666667,4.8546979865771815,3.17
2024-06-09,92.0,79.0,75.40166666666666,74.66666666666667,1013.6166666666667,3.4612377850162863,0.08
2024-06-10,90.0,77.0,82.82315789473685,75.51578947368421,1011.9499999999999,6.130819672131148,16.400000000000002
2024-06-11,85.0,77.0,90.32354166666666,76.2625,1012.3000000000001,5.216818181818182,26.42
2024-06-12,83.0,75.0,93.36472727272728,76.09818181818181,1013.5291666666667,6.524923076923077,48.91
2024-06-13,86.0,75.0,86.2578125,74.95,1013.1458333333334,7.923427672955975,7.08
2024-06-14,86.0,76.0,84.73967741935483,75.13548387096773,1012.4833333333332,5.109493670886076,5.18
2024-06-15,84.0,76.0,82.42615384615384,74.26923076923077,1014.725,2.428184713375796,1.4500000000000002
2024-06-16,90.0,79.0,70.55583333333333,73.375,1016.2083333333334,6.724512987012988,0.0
2024-06-17,87.0,79.0,74.19769230769231,74.11538461538461,1015.3291666666668,11.021206225680933,0.33
2024-06-18,89.0,80.0,65.38375,71.08333333333333,1014.0458333333332,13.929263565891473,0.0
2024-06-19,89.0,82.0,69.69066666666667,73.64,1014.8125,14.183333333333332,0.0
2024-06-20,88.0,78.0,73.33357142857143,73.53571428571429,1016.6416666666668,11.461794019933555,0.89
2024-06-21,90.0,80.0,70.90192307692308,74.0923076923077,1017.5916666666667,7.556600660066007,0.0
2024-06-22,89.0,75.0,84.35558823529412,75.8,1017.6791666666667,7.914478114478114,10.03
2024-06-23,87.0,75.0,81.8662962962963,74.4888888888889,1016.3333333333334,6.978231292517006,0.8
2024-06-24,87.8,76.0,79.46000000000001,73.6875,1014.6708333333332,5.758455882352941,2.37
2024-06-25,88.0,76.0,80.80870967741936,74.9483870967742,1014.8166666666666,6.9736,0.43
2024-06-26,90.0,78.0,80.71433333333333,76.0,1014.6458333333334,4.180456026058631,0.87
2024-06-27,92.0,80.0,72.92208333333333,74.66666666666667,1013.6,4.814215686274509,0.0
2024-06-28,90.0,77.0,73.985,75.21428571428571,1015.3583333333332,5.511812297734627,1.44
2024-06-29,91.0,80.0,72.14791666666666,75.25,1018.7458333333334,6.748989898989899,0.0
2024-06-30,86.0,75.0,81.813,74.38666666666667,1019.4541666666668,5.910465116279069,7.93
2024-07-01,88.0,76.0,83.75882352941177,74.6470588235294,1016.2416666666667,5.123052959501558,2.0100000000000002
2024-07-02,91.0,80.0,77.03733333333334,76.43333333333334,1016.6291666666666,6.8962903225806444,1.21
2024-07-03,91.0,82.0,73.2,76.72307692307692,1017.5666666666666,8.82046204620462,0.28
2024-07-04,91.0,80.0,71.77083333333333,75.75,1015.5791666666668,8.393114754098361,0.16
2024-07-05,91.0,82.0,72.1275,75.625,1013.3958333333334,5.4653094462540714,1.11
2024-07-06,90.0,82.0,68.54458333333334,73.79166666666667,1013.8541666666666,4.487622149837134,0.0
2024-07-07,92.0,79.0,73.00500000000001,75.61538461538461,1015.0208333333334,5.9109215017064844,0.37
2024-07-08,91.0,82.0,72.97375,76.91666666666667,1016.9833333333332,6.885064935064935,0.0
2024-07-09,92.0,84.0,73.20583333333333,77.29166666666667,1017.0958333333333,5.300488599348534,0.0
2024-07-10,91.0,81.0,70.13384615384615,75.03846153846153,1016.2916666666666,3.4315112540192927,0.0
2024-07-11,90.0,76.0,67.54448275862069,70.0206896551724,1016.1291666666666,4.5887622149837135,4.859999999999999
2024-07-12,89.0,77.0,72.65208333333334,72.04166666666667,1018.4375,4.093092105263158,0.4
2024-07-13,91.0,80.0,72.13250000000001,74.5,1021.1291666666666,6.099509803921569,0.0
2024-07-14,91.0,83.0,72.1756,77.0,1019.9458333333333,10.266724137931034,0.0
2024-07-15,88.0,82.0,74.11076923076924,75.65384615384616,1018.2708333333334,8.513036303630363,0.47000000000000003
2024-07-16,90.0,78.0,74.88193548387098,75.68387096774192,1017.5458333333332,7.75048231511254,6.36
2024-07-17,92.0,82.0,69.33851851851851,74.62962962962963,1017.6291666666666,8.504823151125402,0.0
2024-07-18,92.0,83.0,71.11791666666666,75.75,1017.6583333333333,8.504738562091502,0.0
2024-07-19,92.0,83.0,71.52541666666666,76.29166666666667,1018.0166666666668,8.225165562913908,0.0
2024-07-20,91.0,82.0,71.76192307692307,76.23076923076923,1019.1041666666666,8.312214983713355,0.0
2024-07-21,91.0,84.0,72.2048,76.68,1017.7041666666668,9.58462837837838,0.37
2024-07-22,90.0,75.0,83.28,75.64615384615384,1017.4916666666667,4.389589905362776,7.31
2024-07-23,91.0,80.0,76.35392857142857,76.07142857142857,1019.1333333333333,7.524833333333333,0.0
2024-07-24,91.0,80.0,69.52758620689654,75.38620689655171,1021.0291666666667,10.892375886524823,0.0
2024-07-25,90.0,83.0,70.304,75.40666666666667,1020.5541666666667,10.41409836065574,0.0
2024-07-26,91.0,76.0,72.45307692307692,74.65384615384616,1018.0166666666668,6.706472491909386,1.5999999999999999
2024-07-27,93.0,81.0,68.95208333333333,74.5,1016.9291666666667,6.2353896103896105,0.0
2024-07-28,91.0,81.0,69.5976,74.96,1017.8375,4.717656765676568,0.0
2024-07-29,92.0,76.0,81.03166666666667,74.69444444444444,1018.1625,2.992948717948718,19.4
2024-07-30,91.0,77.0,80.09461538461538,75.23846153846154,1017.4791666666666,3.946590909090909,0.06
2024-07-31,91.0,82.0,70.57875,75.41666666666667,1017.8708333333334,6.623701298701298,0.0
2024-08-01,93.0,84.0,69.2324,75.96,1018.5583333333334,8.634615384615385,0.0
2024-08-02,94.0,77.0,74.652,76.21333333333334,1016.9250000000001,9.04612676056338,4.61
2024-08-03,88.0,77.0,79.28833333333334,75.57222222222222,1013.6999999999999,12.196822033898304,7.37
2024-08-04,89.0,75.0,83.90948717948719,75.35897435897436,1013.6958333333333,14.615189873417723,23.55
2024-08-05,92.0,78.0,77.38074074074073,76.74074074074075,1015.4499999999999,9.918750000000001,0.03
2024-08-06,91.0,83.0,74.68275862068967,77.11724137931034,1014.8375,9.385361842105263,0.0
2024-08-07,95.0,81.0,75.27733333333335,76.76,1010.5458333333332,8.131877022653722,0.0
2024-08-08,92.0,82.0,72.30375,76.04166666666667,1010.0208333333334,8.467755102040815,0.0
2024-08-09,93.2,73.0,76.2718918918919,74.65945945945946,1014.65,5.782753164556961,7.87
2024-08-10,92.0,78.0,75.27916666666667,75.41666666666667,1018.1958333333333,4.92214983713355,0.0
2024-08-11,92.0,82.0,73.1968,76.52,1018.1625,4.86051779935275,0.0
2024-08-12,92.0,81.0,73.0825,76.04166666666667,1017.3041666666667,6.321290322580645,0.0
2024-08-13,93.0,83.0,71.37703703703704,76.70370370370371,1016.5041666666666,6.156752411575563,0.0
2024-08-14,93.2,81.0,75.71741935483871,77.2258064516129,1015.2095238095238,4.913636363636364,1.99
2024-08-15,98.0,76.0,73.01074074074074,75.3851851851852,1013.5416666666666,3.4961538461538457,0.43
2024-08-16,89.0,79.0,81.33607142857143,75.78571428571429,1014.1833333333334,6.103547297297298,2.01
2024-08-17,89.0,79.0,68.39583333333333,72.66666666666667,1014.6750000000001,7.332214765100671,0.05
2024-08-18,87.0,79.0,72.2672,73.72,1014.3791666666666,6.378964401294498,0.0
2024-08-19,89.0,81.0,76.81586206896552,76.06896551724138,1014.275,5.189838709677419,0.11
2024-08-20,93.0,81.0,74.25178571428572,76.5,1015.2166666666667,6.602131147540983,0.46
2024-08-21,91.0,76.0,78.6634375,74.71875,1016.4458333333333,4.476384364820847,11.58
2024-08-22,91.0,75.0,77.95607142857143,73.89285714285714,1016.9291666666667,3.2526402640264025,0.0
2024-08-23,90.0,79.0,75.13000000000001,74.79333333333334,1016.9375,6.321114864864865,0.0
2024-08-24,85.0,76.0,84.61186046511628,74.88372093023256,1017.0416666666666,5.84012539184953,23.54
2024-08-25,90.0,78.0,77.07291666666667,75.20833333333333,1017.3166666666666,4.387175324675325,0.0
2024-08-26,91.0,79.0,74.74807692307692,75.73076923076923,1017.8458333333333,6.487375415282393,0.38
2024-08-27,92.0,79.0,74.59,76.22222222222223,1017.0291666666667,8.472202797202797,4.89
2024-08-28,88.0,82.0,78.05128205128206,76.71794871794872,1017.4521739130436,7.582333333333333,0.9700000000000001
2024-08-29,89.0,77.0,84.45478260869565,75.4304347826087,1018.2958333333332,5.103125,19.87
2024-08-30,89.0,76.0,80.8108108108108,75.0054054054054,1017.3583333333332,6.721359223300971,1.69
2024-08-31,88.0,78.0,80.08777777777777,75.1037037037037,1014.9416666666666,7.835515873015873,0.0
2024-09-01,87.0,75.0,84.11405405405405,75.10810810810811,1013.9333333333334,6.459105431309904,18.47
2024-09-02,88.0,78.0,81.34135135135135,75.92432432432432,1013.9625,6.702857142857143,4.42
2024-09-03,89.0,78.0,82.95896551724138,77.24137931034483,1014.6666666666666,6.67312925170068,6.06
2024-09-04,90.0,76.0,81.86405405405407,76.89189189189189,1016.1458333333334,8.149666666666667,5.72
2024-09-05,91.0,76.0,81.07400000000001,76.63333333333334,1016.2958333333332,8.48915857605178,1.17
2024-09-06,90.0,82.0,73.81625,76.20833333333333,1014.1208333333334,8.068668831168832,0.0
2024-09-07,90.0,78.0,75.09416666666667,76.5,1011.5,7.134539473684211,2.21
2024-09-08,91.0,82.0,72.80541666666666,76.20833333333333,1012.6374999999999,7.3667207792207785,0.0
2024-09-09,91.0,81.0,76.13000000000001,77.57692307692308,1014.3708333333334,6.940415335463259,0.0
2024-09-10,88.0,78.0,84.81421052631579,77.2578947368421,1013.4625,4.497777777777777,8.76
2024-09-11,89.0,79.0,81.1665625,77.30625,1011.5791666666668,4.898701298701298,0.47000000000000003
2024-09-12,90.0,78.0,86.83842105263159,77.39473684210526,1011.2333333333332,4.75,7.47
2024-09-13,95.0,78.0,77.50703703703704,77.11851851851851,1012.3874999999999,4.193019480519481,1.97
2024-09-14,93.0,80.0,79.9967857142857,77.14999999999999,1011.9041666666667,3.305787781350482,0.2
2024-09-15,90.0,78.0,83.88466666666666,77.35333333333332,1011.5041666666666,2.7088888888888887,4.69
2024-09-16,93.0,79.0,78.28821428571429,76.31428571428572,1012.3583333333332,3.695888157894737,0.38
2024-09-17,91.0,78.0,78.7184,75.648,1013.3916666666668,1.9327419354838709,0.28
2024-09-18,93.0,80.0,73.74107142857143,74.10714285714286,1013.1708333333332,3.8633986928104576,0.43000000000000005
2024-09-19,88.0,76.0,80.99606060606061,74.61818181818182,1011.7166666666667,4.6622611464968156,0.78
2024-09-20,90.0,76.0,77.06666666666666,73.08333333333333,1009.6666666666666,2.9975409836065574,0.39
2024-09-21,88.0,78.0,76.30615384615385,74.23076923076923,1010.8958333333334,3.837091503267974,5.87
2024-09-22,92.0,77.0,72.25083333333333,73.20833333333333,1011.4291666666667,3.6993527508090613,0.0
2024-09-23,90.0,79.0,71.7124,74.0,1011.7958333333332,5.864617940199335,0.0
2024-09-24,90.0,81.0,68.55833333333334,73.54166666666667,1012.0625,9.65456081081081,0.0
2024-09-25,89.6,79.0,80.3283870967742,76.98709677419355,1011.0166666666668,9.909306569343066,0.5700000000000001
2024-09-26,89.0,78.0,80.43342857142858,76.65714285714286,1007.5875,16.196681415929202,4.85
2024-09-27,90.0,83.0,78.51821428571428,77.39285714285714,1009.2166666666667,11.529595588235296,0.49000000000000005
2024-09-28,93.0,82.0,78.748,78.04,1013.1374999999999,7.694136807817589,0.0
2024-09-29,91.0,80.0,77.31375,76.75,1013.6916666666666,5.4671521035598705,0.0
2024-09-30,90.0,78.8,80.23928571428571,77.0,1013.6916666666666,6.244426751592357,0.17
2024-10-01,89.0,81.0,76.38680000000001,76.68,1013.2708333333334,4.4961290322580645,0.0
2024-10-02,90.0,78.0,71.86791666666666,73.75,1012.0749999999999,3.599837133550489,0.0
2024-10-03,90.0,78.0,71.70458333333333,74.20833333333333,1013.025,4.764285714285714,0.0
2024-10-04,87.0,77.0,78.11818181818182,75.12121212121212,1015.1208333333334,5.891930379746835,6.87
2024-10-05,83.0,77.0,84.66038461538461,74.8076923076923,1014.4916666666667,6.143521594684386,1.69
2024-10-06,81.0,76.0,88.86,74.86896551724138,1012.2375000000001,5.407605177993528,8.83
2024-10-07,82.4,76.0,93.80263157894737,76.00526315789473,1007.525,4.35203125,7.33
2024-10-08,82.4,76.0,92.03028571428571,76.06285714285714,1005.5375,2.8099056603773582,2.25
2024-10-09,87.0,78.0,84.463,77.69333333333334,1005.5375,8.892672413793104,0.0
2024-10-10,88.0,76.0,73.35423076923077,71.96923076923078,1006.3833333333333,12.3669921875,0.0
2024-10-11,84.0,74.0,86.24814814814815,72.22222222222223,1014.1750000000001,6.305308219178083,4.9
2024-10-12,83.0,74.0,84.52199999999999,72.1,1016.025,6.008650519031142,12.43
2024-10-13,85.0,74.0,87.2011111111111,73.88888888888889,1016.4000000000001,6.686482084690554,0.09
2024-10-14,88.0,75.0,79.84,72.69285714285715,1016.9250000000001,3.973421926910299,0.47000000000000003
2024-10-15,87.0,76.0,73.12,71.28,1016.3416666666667,3.318032786885246,0.0
2024-10-16,85.0,75.0,74.98583333333333,70.70833333333333,1014.7666666666668,3.88218954248366,0.0
2024-10-17,80.0,72.0,65.48625,63.125,1016.5333333333333,10.297359154929577,0.0
2024-10-18,78.0,75.0,70.03516129032259,66.3483870967742,1019.2291666666666,13.17508038585209,0.09
2024-10-19,82.0,73.4,76.37133333333333,69.45333333333333,1020.3625000000001,12.960197368421053,1.1500000000000001
2024-10-20,85.0,73.0,70.92185185185186,67.43703703703703,1018.7041666666668,9.039078498293515,1.84
2024-10-21,85.0,74.0,79.26461538461538,70.76923076923077,1015.4458333333333,6.735179153094462,2.41
2024-10-22,86.0,77.0,74.9396153846154,71.61538461538461,1014.225,8.325,0.11
2024-10-23,87.0,75.0,74.75923076923077,71.15384615384616,1014.85,6.915593220338983,0.16
2024-10-24,83.0,73.0,75.95125,69.29166666666667,1015.4041666666667,5.45016501650165,0.46
2024-10-25,85.0,73.0,66.88625,66.91666666666667,1018.9208333333332,5.765181518151815,0.0
2024-10-26,86.0,74.0,67.20166666666667,66.875,1020.6999999999999,6.381144781144782,0.0
2024-10-27,82.0,74.0,60.39541666666667,62.75,1020.4041666666667,8.593159609120521,0.0
2024-10-28,82.0,75.0,65.32041666666667,65.75,1019.7541666666666,9.010906040268456,0.0
2024-10-29,84.0,77.0,65.62791666666666,67.33333333333333,1020.0749999999999,11.081448763250885,0.16
2024-10-30,85.0,76.0,70.11076923076924,70.33076923076922,1020.8125,15.5320987654321,0.8099999999999999
2024-10-31,84.0,75.0,67.08461538461539,67.21538461538461,1019.4499999999999,14.205113636363636,0.27
2024-11-01,85.0,78.0,68.64479999999999,69.36,1017.6083333333332,13.159659090909091,0.0
2024-11-02,85.0,76.0,78.04115384615385,71.88461538461539,1017.25,8.713758389261745,0.72
2024-11-03,85.0,74.0,70.45666666666666,69.375,1016.3833333333333,11.05432525951557,1.58
2024-11-04,84.0,76.0,70.865,69.08333333333333,1015.7916666666666,11.905636363636365,0.19
2024-11-05,84.0,78.0,81.87249999999999,74.64999999999999,1013.6666666666666,16.054455445544555,1.58
2024-11-06,85.0,81.0,83.49166666666666,76.83333333333333,1013.6666666666666,15.207552083333333,0.0
2024-11-07,85.0,81.0,78.30964285714286,74.85714285714286,1014.2791666666667,17.158407079646018,0.0
2024-11-08,85.0,78.0,71.71958333333333,71.04166666666667,1014.525,12.710526315789474,0.0
2024-11-09,85.0,77.0,70.0172,69.64,1014.9708333333333,11.294781144781146,0.0
2024-11-10,85.0,78.0,71.97375000000001,70.25,1015.9375,12.916799999999999,0.12
2024-11-11,85.0,75.0,81.22307692307693,73.2,1013.275,5.365434083601286,0.08
2024-11-12,85.0,78.0,77.49,72.85185185185185,1012.7375000000001,7.321543408360129,0.0
2024-11-13,84.0,78.0,69.35560000000001,68.96,1015.2166666666667,11.511655405405405,0.0
2024-11-14,82.0,75.0,60.6025,63.5,1014.5833333333334,11.883333333333333,0.0
2024-11-15,85.0,71.0,69.27416666666666,66.41666666666667,1012.0041666666666,3.187785016286645,0.0
2024-11-16,81.0,67.0,63.94520000000001,60.8,1013.8416666666667,7.040064102564102,0.0
2024-11-17,81.0,75.0,53.406666666666666,58.541666666666664,1016.9,8.061311475409836,0.0
2024-11-18,79.0,74.0,54.835,59.458333333333336,1016.5333333333333,9.339756944444444,0.0
2024-11-19,82.0,72.0,56.26833333333334,60.666666666666664,1014.8458333333333,7.880526315789473,0.0
2024-11-20,83.0,72.0,70.604,67.632,1012.5124999999999,6.59778156996587,0.0
2024-11-21,79.0,69.0,77.9330303030303,67.56363636363636,1011.1708333333332,7.345396825396826,0.0
2024-11-22,72.0,58.0,48.08625,44.666666666666664,1014.5791666666668,8.38016129032258,0.0
2024-11-23,71.0,57.0,56.697916666666664,47.083333333333336,1017.5666666666666,4.14983552631579,0.0
2024-11-24,77.0,59.0,55.82583333333333,50.041666666666664,1020.2166666666667,4.26980198019802,0.0
2024-11-25,81.0,64.0,66.81083333333333,59.875,1021.0083333333333,5.439802631578948,0.0
2024-11-26,83.0,68.0,70.77583333333332,63.875,1019.8416666666667,4.063590604026846,0.0
2024-11-27,81.0,66.2,73.462,63.776,1017.4041666666667,4.235457516339869,0.0
2024-11-28,83.0,65.0,73.13916666666667,64.16666666666667,1015.1583333333333,2.0533003300330033,0.0
2024-11-29,83.0,67.0,76.36416666666666,66.95833333333333,1014.9291666666667,2.4563106796116503,0.0
2024-11-30,78.0,64.0,75.20518518518519,62.8074074074074,1017.1374999999999,6.044012944983819,0.0
2024-12-01,76.0,62.0,78.35064516129032,60.90967741935484,1018.6750000000001,7.086190476190477,0.0
2024-12-02,75.0,57.0,56.95083333333333,49.25,1021.35,8.958870967741936,0.0
2024-12-03,72.0,57.0,44.344166666666666,38.708333333333336,1025.5916666666667,8.448366013071896,0.0
2024-12-04,74.0,54.0,54.49583333333334,45.541666666666664,1025.625,7.313696369636964,0.0
2024-12-05,78.0,61.0,58.97125,53.5,1021.9833333333332,3.8123794212218645,0.0
2024-12-06,79.0,60.0,64.6825,56.416666666666664,1020.6291666666666,2.5397394136807816,0.0
2024-12-07,78.0,60.0,68.59166666666667,57.458333333333336,1022.0708333333333,6.2839285714285715,0.0
2024-12-08,77.0,61.0,65.04166666666667,56.875,1022.8083333333334,7.291077441077441,0.0
2024-12-09,79.0,65.0,66.37625,60.541666666666664,1020.7333333333332,8.39424342105263,0.0
2024-12-10,79.0,69.0,73.09625,64.91666666666667,1019.0625,7.026537216828478,0.0
2024-12-11,85.0,72.0,75.67428571428572,69.30714285714285,1017.4541666666668,8.102272727272727,0.0
2024-12-12,75.0,55.0,62.98814814814815,52.11851851851852,1022.2791666666667,11.062842465753425,0.0
2024-12-13,77.0,70.0,56.593333333333334,56.041666666666664,1024.4916666666666,12.267993079584775,0.0
2024-12-14,79.0,71.0,67.77307692307691,62.66153846153846,1023.5875,10.841103202846975,0.0
2024-12-15,80.0,72.0,74.105,66.36428571428571,1021.6374999999999,13.2,0.58
2024-12-16,80.6,72.0,79.44900000000001,68.76666666666667,1019.3458333333333,9.501006711409397,1.6
2024-12-17,81.0,75.0,80.5960606060606,71.21212121212122,1019.9291666666667,11.404166666666667,0.25
2024-12-18,82.0,74.0,84.06444444444445,71.74074074074075,1019.5666666666666,7.348688524590163,0.17
2024-12-19,84.0,70.0,82.94916666666667,69.625,1017.9708333333333,2.4835504885993482,0.0
2024-12-20,79.0,68.0,80.26307692307692,65.5,1017.35,4.9059294871794865,0.0
2024-12-21,69.0,54.0,60.37083333333334,47.583333333333336,1018.1958333333333,6.837138263665595,0.0
2024-12-22,74.0,56.0,65.27666666666667,51.666666666666664,1020.5625,6.227922077922078,0.0
2024-12-23,78.0,61.0,69.35708333333334,57.5,1022.65,5.703846153846154,0.0
2024-12-24,79.0,63.0,74.70541666666666,61.083333333333336,1021.9208333333332,4.979647435897435,0.0
2024-12-25,78.0,64.4,83.49178571428571,64.91428571428571,1019.4583333333334,5.950322580645161,0.03
2024-12-26,80.0,70.0,71.59541666666667,64.79166666666667,1018.3166666666666,6.331365313653136,0.0
2024-12-27,77.0,74.0,77.14916666666666,67.875,1017.875,9.420132013201322,0.0
2024-12-28,80.0,73.0,78.495,68.25,1018.5291666666667,12.5068669527897,0.0
2024-12-29,75.0,71.0,86.20083333333334,68.33333333333333,1017.2583333333333,11.088955823293173,5.54
2024-12-30,80.0,67.0,84.48166666666667,69.16666666666667,1014.6666666666666,2.9252427184466017,0.0
2024-12-31,82.0,68.0,84.76653846153846,70.18461538461538,1014.6083333333332,4.361677631578948,0.11
2025-01-01,80.0,68.0,83.165,67.0,1017.3,4.2799352750809065,0.0
2025-01-02,78.0,64.0,63.12125,57.125,1021.3166666666666,5.75,0.0
2025-01-03,76.0,61.0,68.25166666666667,56.791666666666664,1022.5791666666668,4.6,0.0
2025-01-04,71.0,55.0,51.071666666666665,44.125,1023.8166666666666,7.320550161812299,0.0
2025-01-05,75.0,56.0,67.29875,52.458333333333336,1023.4250000000001,5.880412371134021,0.0
2025-01-06,79.0,65.0,66.232,59.6,1017.7708333333334,6.77791095890411,0.0
2025-01-07,72.0,57.0,73.92235294117647,54.82941176470588,1017.2666666666668,8.884384858044164,0.0
2025-01-08,70.0,51.0,72.20538461538462,48.65384615384615,1020.8375,6.822596153846154,0.0
2025-01-09,66.0,49.0,49.312916666666666,36.666666666666664,1019.7833333333333,7.998231511254018,0.0
2025-01-10,72.0,51.0,70.2892,49.84,1017.5416666666666,5.601864406779661,0.0
2025-01-11,76.0,64.0,77.01071428571429,60.385714285714286,1014.0041666666666,5.859344262295082,0.0
2025-01-12,74.0,57.0,63.086800000000004,51.08,1017.5791666666668,5.554647435897436,0.0
2025-01-13,78.0,59.0,69.9644,58.04,1019.5541666666667,4.489776357827476,0.0
2025-01-14,74.0,68.0,88.4777142857143,66.32,1020.7208333333333,5.360714285714286,0.0
2025-01-15,75.0,59.0,66.82166666666667,54.041666666666664,1024.2541666666668,8.09853896103896,0.0
2025-01-16,73.0,63.0,66.35958333333333,55.625,1023.2291666666666,5.723863636363636,0.0
2025-01-17,70.0,66.0,86.39,63.11612903225806,1019.8458333333333,5.175,0.8200000000000001
2025-01-18,82.0,69.0,87.08432432432433,69.32432432432432,1016.5875000000001,9.284146341463416,5.49
2025-01-19,84.0,71.0,86.785,70.59375,1016.2791666666667,7.945454545454546,0.0
2025-01-20,76.0,58.0,84.09400000000001,60.18666666666666,1020.7666666666668,6.11624203821656,0.62
2025-01-21,79.0,60.0,91.20285714285714,63.480000000000004,1020.9416666666666,5.4553125,0.18
2025-01-22,73.0,53.0,93.88386363636364,58.48636363636364,1019.1,8.371428571428572,0.25
2025-01-23,58.0,54.0,96.57266666666668,54.46666666666667,1020.775,6.994321766561514,0.52
2025-01-24,58.0,48.2,88.35575757575756,48.224242424242426,1022.8166666666666,7.92421875,0.0
2025-01-25,72.0,47.0,58.5275,43.75,1026.4291666666666,9.241611842105263,0.0
2025-01-26,75.0,59.0,66.6025,54.541666666666664,1026.0833333333333,6.640322580645162,0.0
2025-01-27,78.0,61.0,67.28291666666667,57.125,1021.9708333333333,4.693344155844156,0.0
2025-01-28,78.0,58.0,66.21583333333334,55.416666666666664,1019.3208333333333,3.7584437086092715,0.0
2025-01-29,79.0,59.0,70.68916666666667,58.375,1020.1541666666667,2.9501633986928106,0.0
2025-01-30,78.0,63.0,76.26423076923076,62.30769230769231,1021.2375000000001,4.905177993527508,0.0
2025-01-31,78.0,69.0,75.8576923076923,65.12307692307692,1020.5875,10.049477351916376,0.0
2025-02-01,83.0,70.0,81.57633333333334,69.13333333333334,1019.3458333333333,4.307006369426752,0.0
2025-02-02,82.0,71.6,87.57333333333332,70.75555555555555,1020.4125,6.73828125,0.0
2025-02-03,81.0,73.0,84.23153846153846,71.02051282051282,1020.8625000000001,7.431603773584905,0.0
2025-02-04,82.0,70.0,80.07458333333334,68.375,1021.3041666666667,5.325326797385621,0.0
2025-02-05,80.0,69.0,76.07038461538461,65.76923076923077,1021.3416666666667,6.977156549520767,0.0
2025-02-06,80.0,69.0,72.77,64.88,1021.2541666666666,7.925980392156863,0.0
2025-02-07,81.0,68.0,73.8575,65.5,1021.1333333333333,6.046039603960396,0.0
2025-02-08,81.0,68.0,73.94625,65.83333333333333,1021.1666666666666,8.198387096774194,0.0
2025-02-09,82.0,71.0,77.4048,67.76,1021.5041666666666,7.744070512820513,0.0
2025-02-10,82.0,68.0,77.6217857142857,67.72142857142858,1022.2083333333334,6.238658146964856,0.0
2025-02-11,81.0,72.0,72.88333333333333,66.48148148148148,1019.8041666666667,9.562751677852349,0.0
2025-02-12,81.0,72.0,77.35971428571429,68.44,1017.3916666666668,9.264561403508772,0.0
2025-02-13,82.0,75.0,81.88806451612903,71.61290322580645,1020.2666666666668,10.31953642384106,0.0
2025-02-14,84.0,74.0,78.27208333333333,70.0,1024.7583333333334,7.378217821782178,0.0
2025-02-15,81.0,74.0,68.732,65.76,1022.1125000000001,12.402589641434263,0.0
2025-02-16,85.0,75.0,69.1112,67.16,1016.4291666666667,9.956375838926174,0.0
2025-02-17,80.0,69.0,74.88967741935484,65.25806451612904,1017.2458333333334,5.966773162939297,0.0
2025-02-18,82.0,70.0,75.75424242424242,67.05454545454546,1017.7541666666666,6.9289308176100635,0.31
2025-02-19,83.0,69.0,80.19296296296297,68.47407407407407,1016.0749999999999,6.741118421052632,3.98
2025-02-20,78.0,70.0,76.77206896551724,65.08275862068966,1016.3625000000001,7.687420382165604,0.0
2025-02-21,74.0,59.0,64.47,53.125,1022.625,9.106395348837209,0.0
2025-02-22,73.0,66.0,59.17791666666667,54.333333333333336,1024.8500000000001,10.972442244224423,0.0
2025-02-23,78.0,65.0,64.98625,57.833333333333336,1021.8458333333333,5.120608108108108,0.0
2025-02-24,73.0,67.0,73.66333333333334,61.041666666666664,1015.8125,7.106410256410256,0.91
2025-02-25,78.0,64.4,80.80354838709677,64.44516129032257,1009.5458333333332,7.216613924050632,0.09
2025-02-26,80.0,61.0,72.41708333333334,59.791666666666664,1015.1541666666667,5.87043918918919,0.0
2025-02-27,81.0,64.0,71.94041666666666,62.708333333333336,1016.8791666666666,4.785361842105263,0.0
2025-02-28,80.0,63.0,66.72416666666668,59.0,1016.5708333333333,5.610135135135135,0.0
2025-03-01,79.0,63.0,74.62708333333333,62.125,1015.4,3.9836601307189543,0.0
2025-03-02,81.0,62.0,65.02958333333333,57.916666666666664,1015.275,5.2854304635761595,0.0
2025-03-03,78.0,65.0,63.16230769230769,58.34615384615385,1017.1166666666667,6.7203125,0.0
2025-03-04,79.0,70.0,68.41583333333334,62.416666666666664,1018.0124999999999,13.75625,1.03
2025-03-05,82.4,72.0,79.7084375,69.2125,1013.6999999999999,12.676995305164318,0.12
2025-03-06,78.0,65.0,58.526538461538465,54.25384615384615,1013.35,9.361074918566775,0.0
2025-03-07,76.0,53.0,61.23083333333333,50.125,1018.0124999999999,6.877227722772278,0.0
2025-03-08,83.0,61.0,69.94333333333334,60.625,1016.7916666666666,4.034680134680134,0.0
2025-03-09,87.0,65.0,75.5492,65.48,1015.275,4.519230769230769,0.0
2025-03-10,88.0,71.0,77.99916666666667,69.375,1012.4826086956521,9.033617021276596,0.0
2025-03-11,78.0,59.0,56.27375,49.166666666666664,1014.3125,9.491333333333333,0.0
2025-03-12,80.0,61.0,55.87375,51.958333333333336,1017.2083333333334,5.533441558441559,0.0
2025-03-13,78.0,62.0,65.37791666666666,58.291666666666664,1016.9791666666666,5.064808362369337,0.0
2025-03-14,82.0,68.0,70.97541666666667,63.916666666666664,1014.9625,5.669499999999999,0.0
2025-03-15,82.0,73.0,72.23875,66.79166666666667,1014.0458333333332,10.005555555555556,0.0
2025-03-16,85.0,75.0,76.6652,70.6,1014.7291666666666,12.158590308370044,0.1
2025-03-17,79.0,70.0,66.06892857142857,60.92857142857143,1017.4166666666666,10.639455782312925,0.0
2025-03-18,78.0,56.0,50.905,47.0,1020.4,9.494012944983819,0.0
2025-03-19,80.0,62.0,63.88333333333333,57.0,1018.8833333333333,4.558388157894737,0.0
2025-03-20,85.0,62.0,60.104166666666664,56.333333333333336,1017.1625,5.483443708609271,0.0
2025-03-21,75.0,60.0,59.24333333333333,52.03703703703704,1018.3791666666666,9.43828828828829,0.0
2025-03-22,77.0,61.0,58.43333333333334,52.25,1020.5333333333333,5.271147540983606,0.0
2025-03-23,78.0,64.0,63.63708333333333,57.75,1020.4416666666666,5.3754934210526315,0.0
2025-03-24,83.0,72.0,71.01791666666666,65.625,1018.5749999999999,8.031451612903226,0.0
2025-03-25,85.0,69.0,78.35423076923077,67.73076923076923,1018.2583333333333,4.0478476821192055,0.67
2025-03-26,84.0,67.0,74.7928,65.32,1019.3333333333334,5.073299319727891,0.0
2025-03-27,83.0,71.0,62.699999999999996,61.875,1021.4791666666666,7.522916666666666,0.0
2025-03-28,80.0,73.0,56.97958333333333,59.291666666666664,1022.2458333333334,13.859389671361503,0.0
2025-03-29,79.0,73.0,69.2676,64.44,1020.1916666666666,15.845253164556963,0.13
2025-03-30,80.0,69.8,86.80975609756098,71.13658536585366,1017.2208333333333,11.431818181818182,8.99
2025-03-31,86.0,71.0,86.71942857142857,72.41714285714285,1014.875,5.566449511400652,0.0
2025-04-01,87.0,74.0,80.438,72.16,1016.0583333333334,5.47724358974359,0.0
2025-04-02,85.0,77.0,77.3869696969697,71.93939393939394,1018.9083333333333,11.623371647509577,0.0
2025-04-03,85.0,77.0,73.60285714285715,70.87857142857142,1021.0,15.516901408450705,0.0
2025-04-04,84.0,76.0,72.33911764705883,69.57058823529412,1022.6666666666666,14.412426035502957,0.0
2025-04-05,84.0,76.0,70.95541666666666,69.16666666666667,1021.85,14.223684210526315,0.0
2025-04-06,83.0,76.0,69.97583333333334,68.25,1018.6208333333334,12.079872881355932,0.0
2025-04-07,85.0,75.0,70.4144,68.72,1014.5791666666668,9.6442238267148,0.0
2025-04-08,83.0,74.0,82.7328947368421,72.2,1011.8333333333334,7.2699044585987265,11.709999999999999
2025-04-09,81.0,66.0,69.9790625,61.2625,1015.0458333333332,7.851986754966888,0.0
2025-04-10,81.0,65.0,69.975,62.43846153846154,1017.7041666666668,7.419354838709677,0.13
2025-04-11,82.0,68.0,69.79958333333333,63.708333333333336,1016.9083333333333,5.093399339933994,0.0
2025-04-12,81.0,65.0,56.94,54.166666666666664,1015.5166666666668,7.374838709677419,0.0
2025-04-13,80.0,61.0,55.44125,53.083333333333336,1018.0083333333333,7.361538461538461,0.0
2025-04-14,80.0,68.0,57.336666666666666,57.875,1020.9291666666667,7.114666666666667,0.0
2025-04-15,84.0,66.0,59.63333333333333,59.208333333333336,1019.0291666666667,6.038448844884488,0.0
2025-04-16,84.0,66.0,64.21958333333333,61.25,1017.3916666666668,6.964950166112956,0.0
2025-04-17,83.0,71.0,61.89833333333333,62.041666666666664,1018.7208333333333,6.35,0.0
2025-04-18,82.0,72.0,56.82125,60.166666666666664,1021.7458333333334,11.799084249084249,0.0
2025-04-19,82.0,74.0,58.57875000000001,61.75,1022.9875000000001,15.077777777777778,0.0
2025-04-20,83.0,73.0,53.71208333333333,59.625,1022.4833333333332,13.650721153846153,0.0
2025-04-21,82.0,74.0,60.5275,62.5,1020.875,12.598314606741573,0.0
2025-04-22,82.0,73.0,63.70964285714285,63.57142857142857,1019.0083333333333,11.239007092198582,0.0
2025-04-23,82.4,74.0,63.32846153846154,64.54615384615384,1018.4833333333332,10.472931034482759,0.0
2025-04-24,83.0,74.0,63.80875,64.91666666666667,1018.5875,11.487722419928826,0.0
2025-04-25,83.0,75.0,62.65375,64.625,1018.4583333333334,11.620833333333334,0.0
2025-04-26,84.0,74.0,62.995416666666664,64.625,1017.8249999999999,10.08127147766323,0.0
2025-04-27,85.0,71.0,65.23291666666667,65.04166666666667,1018.4291666666667,6.13841059602649,0.0
2025-04-28,84.0,72.0,65.575,65.33333333333333,1020.125,9.072678571428572,0.0
2025-04-29,84.0,76.0,65.71777777777777,66.55555555555556,1020.4458333333333,12.346302816901408,0.0
2025-04-30,82.0,74.0,57.4925,61.291666666666664,1018.9625,12.158364312267658,0.0
2025-05-01,84.0,74.0,59.17416666666667,62.25,1018.0791666666668,12.397095435684646,0.0
2025-05-02,83.0,73.0,59.24208333333333,62.125,1016.9583333333334,9.423076923076923,0.0
2025-05-03,82.0,73.0,75.21483870967741,68.08387096774193,1015.0958333333333,10.314885496183207,0.9
2025-05-04,83.0,69.0,80.24833333333332,69.26666666666667,1013.2624999999999,6.620486111111111,8.56
2025-05-05,86.0,73.0,79.10041666666667,71.16666666666667,1013.9625,5.6454545454545455,0.0
2025-05-06,86.0,77.0,76.32214285714285,72.53571428571429,1016.3625000000001,9.026342281879195,0.0
2025-05-07,85.0,77.0,68.91833333333334,69.04166666666667,1016.3666666666667,9.698333333333334,0.0
2025-05-08,86.0,75.0,67.395,67.96153846153847,1016.5749999999999,8.220645161290323,0.0
2025-05-09,86.0,76.0,69.77,69.66153846153847,1015.2666666666668,8.249489795918366,0.0
2025-05-10,87.0,78.0,67.75,69.5,1015.6374999999999,10.704182509505703,0.0
2025-05-11,85.0,79.0,70.7364,71.36,1017.5124999999999,12.030239520958084,0.0
2025-05-12,84.0,71.0,87.23100000000001,72.19,1016.8125,8.220038910505837,32.6
2025-05-13,87.0,75.0,83.17923076923077,73.1923076923077,1014.4916666666667,4.645394736842105,2.27
2025-05-14,91.0,74.0,62.21416666666667,65.41666666666667,1014.3708333333334,6.668456375838926,0.0
2025-05-15,88.0,75.0,68.99249999999999,69.91666666666667,1015.4958333333334,5.325913621262458,0.0
2025-05-16,89.0,76.0,68.7976,70.4,1016.3708333333334,5.806930693069307,0.0
2025-05-17,90.0,78.0,72.49,73.08333333333333,1016.6083333333332,6.1041390728476825,0.0
2025-05-18,89.0,78.0,68.6475,71.25,1015.7708333333334,6.225081967213114,0.0
2025-05-19,89.0,77.0,69.265,71.29166666666667,1015.1625,5.8606529209622,0.0
2025-05-20,90.0,78.0,69.55708333333332,72.04166666666667,1014.3874999999999,6.713074204946996,0.0
2025-05-21,93.0,78.0,72.0848,73.6,1014.7166666666667,5.987796610169492,0.0
2025-05-22,93.0,77.0,71.2032,73.2,1014.2086956521739,6.83304794520548,0.27
2025-05-23,90.0,73.0,77.6274074074074,73.17037037037036,1016.9260869565217,3.4271523178807946,14.71
2025-05-24,90.0,79.0,72.50708333333334,74.5,1018.3291666666668,5.791887417218543,0.0
2025-05-25,89.0,81.0,69.17125,73.58333333333333,1019.2125,8.693356643356644,0.0
2025-05-26,90.0,81.0,71.55461538461539,74.38461538461539,1018.1,8.355594405594404,0.53
2025-05-27,90.0,78.8,76.25034482758622,75.21379310344827,1018.3833333333333,7.0373720136518765,3.39
2025-05-28,90.0,82.0,70.37416666666667,73.91666666666667,1018.9666666666667,8.45364238410596,0.0
2025-05-29,89.0,82.0,71.5,74.11111111111111,1018.9416666666666,9.180308219178082,0.0
2025-05-30,92.0,79.0,67.52888888888889,72.71851851851852,1016.5958333333333,6.117845117845118,0.0
2025-05-31,92.0,76.0,67.76555555555557,71.11111111111111,1013.4043478260869,6.814018691588785,0.0
2025-06-01,85.0,77.0,74.21857142857142,72.00714285714285,1014.2719999999999,6.366071428571429,0.45
2025-06-02,89.0,72.0,85.8878125,73.31875,1016.0333333333334,6.7562500000000005,6.88
2025-06-03,78.0,72.0,91.97291666666666,72.26666666666667,1016.5722222222222,6.804166666666667,1.6700000000000002
2025-06-04,87.0,73.0,83.1509375,72.09375,1017.1333333333333,7.2234375,0.1
2025-06-05,86.0,80.0,77.41321428571429,74.55,1018.2166666666667,10.93673469387755,0.0
2025-06-06,88.0,80.0,76.24038461538461,75.28461538461539,1018.2666666666668,8.180258899676375,0.0
2025-06-07,89.0,78.0,73.53,73.54166666666667,1017.4583333333334,4.903846153846154,0.0
2025-06-08,89.0,78.0,74.04208333333334,74.08333333333333,1016.7583333333333,5.2853535353535355,0.0
2025-06-09,90.0,80.0,72.3875,74.29166666666667,1016.7708333333334,7.9158333333333335,0.0
2025-06-10,90.0,80.0,75.05470588235295,75.3529411764706,1017.7333333333332,9.824061433447099,0.06
2025-06-11,89.0,82.0,71.87,73.84,1018.8125,9.882685512367491,0.0
2025-06-12,89.0,77.0,76.26,74.44666666666667,1018.6708333333332,7.3338827838827845,3.11
2025-06-13,89.0,77.0,73.43178571428572,73.57142857142857,1018.9499999999999,9.847377622377621,5.92
2025-06-14,89.0,80.0,68.88041666666668,73.25,1019.9333333333334,10.2925,0.0
2025-06-15,89.0,79.0,70.13250000000001,73.41666666666667,1020.3208333333333,8.989491525423729,0.0
2025-06-16,89.0,81.0,65.56416666666667,71.66666666666667,1019.4875000000001,10.466949152542373,0.0
2025-06-17,89.0,78.0,70.12791666666666,72.79166666666667,1019.0,9.891608391608392,0.88
2025-06-18,89.0,76.0,74.17928571428571,74.72142857142856,1019.5666666666666,9.543283582089552,0.8
2025-06-19,89.0,80.0,73.9326923076923,74.23076923076923,1020.0875,7.560553633217993,6.800000000000001
2025-06-20,89.0,78.0,68.90958333333333,72.25,1018.8791666666666,5.382154882154882,0.0
2025-06-21,87.0,79.0,68.74653846153846,72.53846153846153,1018.9625,8.769218241042346,0.58
2025-06-22,88.0,78.0,75.04192307692307,74.26923076923077,1019.5333333333333,9.179464285714285,1.56
2025-06-23,89.0,82.0,68.15458333333333,73.08333333333333,1020.2583333333333,11.78530534351145,0.22
2025-06-24,90.0,75.0,70.37125,72.875,1020.3291666666668,9.653159851301115,0.5
2025-06-25,88.0,76.0,72.47242424242425,71.8060606060606,1019.0166666666668,9.1425,0.6
2025-06-26,86.0,77.0,76.26068965517241,72.91034482758621,1017.5749999999999,7.285855263157895,0.13
2025-06-27,89.0,80.0,78.0756,75.84,1018.8958333333334,7.8596551724137935,0.0
2025-06-28,89.0,81.0,75.25875,75.79166666666667,1020.1416666666668,8.516831683168316,0.0
2025-06-29,89.0,78.0,64.50583333333334,69.58333333333333,1019.6125000000001,6.72655737704918,0.0
2025-06-30,90.0,77.0,69.77846153846154,71.5923076923077,1019.1583333333333,7.654810996563574,0.0
2025-07-01,87.0,75.0,77.75724137931034,72.9793103448276,1018.8874999999999,5.256065573770491,1.72
2025-07-02,87.0,77.0,83.42657142857142,74.98285714285714,1017.5208333333334,5.238087774294671,4.04
2025-07-03,87.0,76.0,83.36027027027026,74.98378378378379,1016.0875,5.6314062499999995,15.19
2025-07-04,85.0,76.0,82.77964285714286,74.75,1015.9875000000001,4.692443729903537,6.92
2025-07-05,88.0,77.0,80.75,74.42857142857143,1015.5,6.079692832764505,0.55
2025-07-06,88.0,75.0,81.6696875,74.25625,1017.3833333333333,5.58259493670886,4.09
2025-07-07,91.0,77.0,76.39172413793104,75.06896551724138,1019.7708333333334,4.63046357615894,9.86
2025-07-08,92.0,80.0,68.21961538461538,73.76923076923077,1020.6708333333332,5.76962457337884,0.0
2025-07-09,91.0,80.0,70.64416666666666,74.33333333333333,1019.4333333333334,6.5304918032786885,0.0
2025-07-10,90.0,77.0,75.70766666666667,75.33999999999999,1018.9250000000001,5.621815286624204,0.12
2025-07-11,90.0,78.0,73.58153846153846,75.1923076923077,1019.2375000000001,7.598939929328622,0.1
2025-07-12,91.0,77.0,73.06928571428571,73.71428571428571,1019.8125,3.110227272727273,0.0
2025-07-13,87.0,80.0,77.45555555555555,75.14814814814815,1019.1833333333334,2.004934210526316,0.0
2025-07-14,90.0,74.0,78.98066666666666,72.3,1018.1166666666667,3.384833333333333,1.81
2025-07-15,88.0,75.0,79.69703703703705,73.37037037037037,1016.7791666666667,4.920103092783505,0.0
2025-07-16,89.0,75.0,81.39611111111111,74.92777777777778,1017.3304347826087,6.329197080291971,13.75
2025-07-17,90.0,82.0,75.80037037037037,76.81481481481481,1018.1791666666667,8.928928571428571,0.0
2025-07-18,91.0,83.0,72.82666666666667,76.45833333333333,1019.9958333333334,10.800515463917526,0.0
2025-07-19,90.0,83.0,69.46041666666666,74.83333333333333,1020.6666666666666,10.31127946127946,0.0
2025-07-20,90.0,81.0,70.86625,75.08333333333333,1019.5041666666666,8.698524590163935,0.0
2025-07-21,91.0,80.0,69.80192307692307,74.65384615384616,1017.6333333333333,5.215116279069767,0.0
2025-07-22,92.0,75.0,76.257,74.1,1016.4166666666666,4.644089456869009,3.69
2025-07-23,88.0,74.0,82.1690322580645,74.10967741935484,1017.2333333333332,4.1811258278145695,10.73
2025-07-24,90.0,81.0,71.54538461538462,74.76923076923077,1018.9708333333333,7.717421602787457,0.0
2025-07-25,91.0,82.0,71.28958333333334,75.25,1019.0208333333334,9.104166666666666,0.54
2025-07-26,90.0,81.0,67.99846153846154,73.38461538461539,1019.2708333333334,8.25669934640523,0.0
2025-07-27,91.0,81.0,67.42791666666666,73.33333333333333,1018.8249999999999,5.738798701298701,0.0
2025-07-28,92.0,83.0,69.48791666666666,75.125,1018.1,5.6342532467532465,0.0
2025-07-29,90.0,80.0,73.69344827586207,75.89655172413794,1017.375,4.942788461538461,1.83
2025-07-30,92.0,80.0,71.81583333333333,75.79166666666667,1017.4541666666668,5.180693069306931,0.0
2025-07-31,94.0,83.0,71.05083333333333,76.16666666666667,1018.65,4.842694805194805,0.0
2025-08-01,92.0,83.0,70.18041666666666,75.375,1019.8041666666667,4.573863636363637,0.0
2025-08-02,93.0,82.0,64.27708333333334,72.83333333333333,1019.0,4.525566343042072,0.0
2025-08-03,93.0,80.0,67.75071428571428,74.64285714285714,1015.9958333333334,4.2853420195439735,0.0
2025-08-04,91.0,81.0,70.25807692307693,74.8076923076923,1016.0166666666668,4.513843648208469,0.37
2025-08-05,93.0,79.0,70.59633333333333,74.94666666666667,1019.4541666666668,3.7818032786885247,6.09
2025-08-06,93.0,78.0,70.86384615384615,74.53846153846153,1020.7041666666668,5.007213114754099,0.0
2025-08-07,88.0,78.0,81.34725,75.965,1018.25,4.585113268608414,6.23
2025-08-08,88.0,75.0,79.10733333333333,74.56666666666666,1015.1999999999999,4.45,0.43
2025-08-09,84.0,76.0,85.2,74.55757575757576,1015.1541666666667,4.824839743589743,3.25
2025-08-10,88.0,75.0,85.59793103448277,74.47586206896553,1016.6916666666666,4.432450331125827,5.23
2025-08-11,90.0,78.0,75.33666666666666,75.0,1017.2666666666668,5.2875,0.0
2025-08-12,90.0,78.0,79.11074074074074,76.4074074074074,1017.2708333333334,7.214333333333334,3.25
2025-08-13,91.0,81.0,74.23291666666667,76.58333333333333,1017.0625,6.307920792079208,0.0
2025-08-14,90.0,82.0,71.42479999999999,75.76,1017.2125,4.7348534201954395,0.0
2025-08-15,93.0,81.0,68.86375,74.95833333333333,1018.125,4.8875,0.0
2025-08-16,92.0,81.0,67.51125,74.20833333333333,1016.5500000000001,5.39673202614379,0.0
2025-08-17,92.0,80.0,72.45692307692308,75.6923076923077,1013.5916666666667,4.645245901639344,0.79
2025-08-18,93.0,80.0,72.5473076923077,75.61538461538461,1012.1666666666666,2.7928571428571427,0.0
2025-08-19,94.0,80.6,75.06444444444445,76.75555555555556,1011.6333333333333,4.762700964630225,1.27
2025-08-20,95.0,77.0,73.21714285714286,73.78571428571429,1010.5208333333334,5.911661341853035,0.0
2025-08-21,92.0,78.0,75.36250000000001,75.21666666666667,1012.4125,4.048730158730159,1.24
2025-08-22,95.0,77.0,76.38387096774194,74.71612903225805,1014.4666666666667,3.326923076923077,5.06
2025-08-23,90.0,77.0,80.81107142857142,73.89285714285714,1015.3333333333334,3.106493506493506,0.85
2025-08-24,92.0,76.0,79.63633333333334,74.48,1015.3375,4.967258064516129,1.13
2025-08-25,93.0,79.0,75.3964,75.4,1016.6208333333334,3.4764802631578946,0.0
2025-08-26,93.0,80.0,67.45615384615385,73.46153846153847,1017.8583333333332,4.179449838187702,0.0
2025-08-27,93.0,81.0,70.64,74.97333333333333,1017.9625,3.680744336569579,1.24
2025-08-28,91.0,80.0,75.01692307692308,75.76923076923077,1017.2916666666666,4.943506493506494,0.34
2025-08-29,92.0,78.0,78.4874074074074,76.22222222222223,1015.9666666666667,2.895337620578778,0.33
2025-08-30,91.0,78.0,78.65,74.76,1014.1750000000001,3.5687096774193545,0.0
2025-08-31,93.0,77.0,80.35566666666666,74.91333333333334,1013.625,5.395016077170418,4.8100000000000005
2025-09-01,92.0,77.0,78.51655172413793,75.72413793103448,1012.2208333333333,5.996428571428571,0.05
2025-09-02,93.0,79.0,76.86967741935484,75.29032258064517,1011.3874999999999,6.831456953642384,0.0
2025-09-03,89.0,78.0,81.27677419354839,75.67096774193548,1011.7125,2.9661812297734627,0.75
2025-09-04,88.0,78.0,83.8536,75.76,1011.6041666666666,3.242926045016077,0.0
2025-09-05,90.0,76.0,87.26882352941176,75.75294117647059,1013.3666666666667,4.809748427672956,11.540000000000001
2025-09-06,85.0,77.0,87.77833333333332,75.95833333333333,1015.2416666666667,2.938474025974026,0.0
2025-09-07,90.0,79.0,79.7992,75.72,1015.0666666666666,3.7785714285714285,0.0
2025-09-08,91.0,74.0,86.485,75.30588235294118,1013.9791666666666,4.145859872611465,31.04
2025-09-09,88.0,75.0,88.29783783783783,75.62702702702703,1013.5749999999999,2.5938485804416405,20.0
2025-09-10,90.0,74.0,89.02916666666665,75.88888888888889,1015.2083333333334,3.629127725856698,23.580000000000002
2025-09-11,92.0,76.0,85.55314285714286,75.30285714285714,1015.0875,2.8310509554140126,6.74
2025-09-12,89.0,75.0,88.51529411764706,76.0,1014.0749999999999,4.047258064516129,14.71
2025-09-13,89.0,75.0,81.94241379310344,73.6896551724138,1012.3208333333333,4.615081967213114,6.62
2025-09-14,90.0,74.0,79.89407407407407,72.22222222222223,1011.8291666666668,2.90663430420712,8.43
2025-09-15,89.0,76.0,76.23038461538462,72.97692307692309,1014.6541666666667,4.2853420195439735,0.0
2025-09-16,91.0,79.0,73.3952,73.8,1016.3625000000001,2.8304838709677416,0.0
2025-09-17,84.0,77.0,77.16285714285713,72.75,1015.8125,4.380952380952381,0.0
2025-09-18,86.0,76.0,79.67821428571428,73.82857142857142,1014.1791666666667,5.367891373801917,0.9400000000000001
2025-09-19,91.0,76.0,79.09333333333333,74.03703703703704,1013.5625,4.2799352750809065,0.15
2025-09-20,88.0,78.0,79.515,74.8076923076923,1014.0708333333333,6.5438709677419356,1.44
2025-09-21,85.0,73.4,88.21363636363637,75.9151515151515,1014.2458333333334,4.352250803858521,8.43
2025-09-22,89.6,77.0,82.6337037037037,76.37777777777777,1013.8458333333333,3.54185303514377,0.0
2025-09-23,87.8,74.0,81.58424242424243,73.75151515151515,1015.3000000000001,4.046835443037975,5.65
2025-09-24,87.0,76.0,84.61285714285714,76.05,1016.5142857142857,3.5042087542087543,0.31
2025-09-25,90.0,78.0,80.02222222222223,75.74814814814815,1015.5124999999999,3.196925566343042,0.09
2025-09-26,90.0,78.0,81.20413793103448,76.55862068965517,1012.6541666666667,3.4910714285714284,0.78
2025-09-27,90.0,79.0,80.80821428571429,76.28571428571429,1010.8708333333334,2.567096774193548,0.19
2025-09-28,88.0,79.0,80.1024,75.72,1010.1208333333334,5.863486842105263,0.16
2025-09-29,90.0,77.0,75.61571428571429,73.17857142857143,1009.0124999999999,7.816290322580646,0.03
2025-09-30,91.0,77.0,70.38083333333334,71.95833333333333,1008.875,8.439576547231269,0.0
2025-10-01,91.0,78.0,75.69821428571429,73.71428571428571,1011.1166666666667,5.75,0.0
2025-10-02,88.0,77.0,77.7976,73.56,1014.1416666666668,5.210355987055016,0.0
2025-10-03,87.0,74.0,81.07,72.54857142857142,1014.5041666666666,8.885691318327973,12.280000000000001
2025-10-04,88.0,76.0,76.87642857142858,72.97857142857143,1012.8458333333333,8.61171617161716,0.22
2025-10-05,87.0,77.0,78.33384615384615,74.61538461538461,1013.3208333333333,6.671498371335505,0.48
2025-10-06,88.0,79.0,77.08185185185185,75.16296296296296,1013.5791666666668,3.706796116504855,0.0
2025-10-07,88.0,79.0,80.4934375,75.23125,1013.2291666666666,8.134615384615385,1.73
2025-10-08,87.0,78.0,78.54060606060607,74.93939393939394,1012.8874999999999,9.4185,0.0
2025-10-09,87.0,78.0,81.65,75.08148148148149,1012.7291666666666,6.396405228758169,0.09
2025-10-10,80.0,75.0,91.70516129032258,74.88387096774194,1010.2125,4.211639344262295,7.21
2025-10-11,85.0,73.4,87.5292857142857,73.02142857142857,1006.6791666666667,3.4057692307692307,0.19
2025-10-12,85.0,72.0,79.70933333333333,70.32666666666667,1007.2666666666668,4.507852564102564,0.0
2025-10-13,87.0,75.0,78.00166666666667,71.75,1010.9166666666666,5.851803278688524,0.0
2025-10-14,85.0,76.0,66.70958333333333,68.33333333333333,1013.2083333333334,7.62671009771987,0.0
2025-10-15,86.0,75.0,67.59833333333334,67.79166666666667,1012.3625000000001,5.671844660194174,0.0
2025-10-16,86.0,73.4,72.22423076923077,68.33846153846153,1011.0875,5.797916666666667,0.0
2025-10-17,83.0,76.0,66.14041666666667,66.45833333333333,1012.5,7.599019607843138,0.0
2025-10-18,84.0,73.0,59.57458333333333,63.041666666666664,1015.3041666666667,7.730993150684931,0.0
2025-10-19,85.0,77.0,71.91583333333334,70.45833333333333,1016.25,10.05091575091575,0.0
2025-10-20,88.0,78.0,78.68666666666667,74.58333333333333,1016.6916666666666,5.9701320132013205,0.0
2025-10-21,87.0,78.0,74.73653846153846,73.23076923076923,1016.475,7.170806451612902,0.0
2025-10-22,88.0,76.0,71.61269230769231,71.02307692307691,1016.0958333333333,5.727741935483871,0.0
2025-10-23,87.0,77.0,63.54375000000001,67.95833333333333,1016.1291666666666,7.551666666666667,0.0
2025-10-24,86.0,78.0,63.9175,68.08333333333333,1016.3000000000001,11.11531690140845,0.0
2025-10-25,84.0,80.0,71.364,71.0,1016.2666666666668,13.435055350553506,0.0
2025-10-26,85.0,79.0,76.67074074074074,74.01481481481481,1014.2166666666667,13.084046692607004,0.54
2025-10-27,87.0,77.0,82.03433333333334,75.16666666666667,1010.9833333333332,8.991940789473684,5.78
2025-10-28,88.0,77.0,77.45733333333332,74.33333333333333,1008.9458333333333,4.184824281150159,0.0
2025-10-29,86.0,75.0,79.19571428571429,72.52142857142857,1009.1875,4.980868167202572,0.0
2025-10-30,80.0,70.0,68.56533333333333,63.3,1010.2666666666668,7.951967213114754,0.0
2025-10-31,76.0,65.0,65.08624999999999,57.833333333333336,1015.4291666666667,4.433552631578947,0.0
2025-11-01,81.0,64.0,57.46416666666667,55.416666666666664,1017.4458333333333,3.4948051948051946,0.0
2025-11-02,83.0,70.0,62.518750000000004,62.333333333333336,1017.0375,4.907425742574258,0.0
2025-11-03,85.0,71.0,80.03692307692307,69.6923076923077,1017.1583333333333,5.665224358974359,1.35
2025-11-04,80.0,71.0,68.23416666666667,63.833333333333336,1021.3874999999999,7.508387096774193,0.0
2025-11-05,82.0,75.0,62.665416666666665,64.0,1021.4333333333334,8.630847457627118,0.0
2025-11-06,83.0,74.0,67.34125,66.125,1018.1875,4.8847266881028935,0.0
2025-11-07,87.0,75.0,69.73875,68.25,1014.625,4.254620462046205,0.0
2025-11-08,86.0,76.0,75.236,71.8,1013.1041666666666,3.8951612903225805,0.0
2025-11-09,85.0,75.0,78.51285714285714,72.58571428571429,1014.9666666666667,3.769648562300319,0.0
2025-11-10,83.0,67.0,78.15259259259258,68.81481481481481,1016.3375,7.433112582781457,0.0
2025-11-11,68.0,49.0,52.93625,41.791666666666664,1024.2958333333333,10.244387755102041,0.0
2025-11-12,74.0,55.0,63.65375,50.458333333333336,1024.0416666666667,7.180944625407167,0.0
2025-11-13,78.0,65.0,61.6875,56.333333333333336,1021.6791666666667,6.317483660130718,0.0
2025-11-14,81.0,65.0,58.18958333333333,56.375,1019.75,5.616451612903226,0.0
2025-11-15,80.0,67.0,61.98541666666667,59.083333333333336,1017.3291666666668,5.1730639730639725,0.0
2025-11-16,82.0,65.0,67.93375,60.916666666666664,1013.8833333333333,2.806148867313916,0.0
2025-11-17,80.0,64.0,69.63458333333334,60.625,1014.7166666666667,4.064851485148514,0.0
2025-11-18,82.0,64.0,69.21333333333332,61.958333333333336,1018.4375,4.336612903225806,0.0
2025-11-19,83.0,69.0,68.27583333333334,64.45833333333333,1020.2583333333333,5.369205298013245,0.0
2025-11-20,84.0,70.0,72.0176,66.52,1019.475,5.075593220338983,0.0
2025-11-21,83.0,69.0,67.28083333333333,64.16666666666667,1018.7958333333332,4.822459016393442,0.0
2025-11-22,82.0,66.0,69.55624999999999,63.708333333333336,1018.6458333333334,3.7197068403908795,0.0
2025-11-23,85.0,67.0,70.43041666666666,64.08333333333333,1018.2458333333334,4.341530944625407,0.0
2025-11-24,83.0,69.0,73.49041666666666,66.625,1018.5041666666666,5.1031249999999995,0.0
2025-11-25,82.0,73.0,70.0125,66.58333333333333,1018.9458333333333,8.66387900355872,0.0
2025-11-26,84.0,75.0,78.15423076923076,71.34615384615384,1018.7041666666668,8.105421686746988,0.0
2025-11-27,84.0,71.0,83.3430303030303,70.3030303030303,1017.7708333333334,2.99,7.78
2025-11-28,75.0,60.0,69.34148148148148,56.96296296296296,1019.8874999999999,8.83878205128205,0.0
2025-11-29,78.0,62.0,72.50185185185185,60.577777777777776,1020.7833333333333,8.425177304964539,0.6900000000000001
2025-11-30,80.0,72.0,86.20171428571429,69.93142857142857,1019.15,9.367198581560285,4.69
2025-12-01,84.0,70.0,83.32583333333334,70.0,1017.6750000000001,4.618976897689769,0.0
2025-12-02,85.0,75.0,76.18916666666667,70.41666666666667,1014.5625,9.404530201342283,0.0
2025-12-03,82.0,71.0,82.40133333333333,69.03333333333333,1016.375,3.9660256410256407,0.0
2025-12-04,82.0,66.0,77.5788,66.12,1018.975,3.9449838187702264,0.0
2025-12-05,83.0,67.0,78.23375,67.91666666666667,1017.9041666666667,4.67140522875817,0.0
2025-12-06,83.0,69.0,82.18791666666667,70.70833333333333,1016.0041666666666,3.9644736842105264,0.0
2025-12-07,84.0,71.0,83.18416666666667,71.33333333333333,1015.4916666666667,4.487622149837134,0.0
2025-12-08,86.0,73.0,83.53,72.29655172413793,1013.5749999999999,7.461974110032362,0.0
2025-12-09,77.0,70.0,86.63567567567567,67.82702702702703,1014.8125,6.083177570093458,1.1300000000000001
2025-12-10,83.0,69.8,85.50586206896551,69.08965517241379,1013.8541666666666,4.153184713375796,0.67
2025-12-11,75.0,59.0,70.78125,57.375,1015.9958333333334,5.931774193548387,0.0
2025-12-12,77.0,63.0,66.20166666666667,57.416666666666664,1018.6791666666667,4.410855263157894,0.0
2025-12-13,79.0,68.0,70.524,62.928000000000004,1019.4708333333333,8.324816176470588,0.0
2025-12-14,82.0,71.0,83.82548387096774,69.43870967741935,1017.3458333333333,4.521844660194175,2.11
2025-12-15,74.0,66.0,80.54896551724138,64.2551724137931,1019.125,8.11032786885246,0.0
2025-12-16,76.0,66.0,62.867916666666666,56.958333333333336,1020.3916666666668,9.339967105263158,0.0
2025-12-17,80.0,67.0,66.01958333333333,61.166666666666664,1018.8375,9.046666666666667,0.0
2025-12-18,81.0,72.0,78.67,69.04166666666667,1016.2208333333333,9.83202479338843,0.0
2025-12-19,86.0,74.0,79.834,71.6,1016.1541666666667,5.87820945945946,0.0
2025-12-20,81.0,68.0,73.05708333333334,65.91666666666667,1018.8583333333332,4.655645161290322,0.0
2025-12-21,82.0,69.0,77.56166666666667,67.91666666666667,1020.3625000000001,4.122077922077922,0.0
2025-12-22,79.0,72.0,66.31875000000001,63.458333333333336,1022.4625,9.716722972972974,0.0
2025-12-23,81.0,73.0,66.19791666666667,63.833333333333336,1023.5500000000001,13.04937238493724,0.0
2025-12-24,79.0,67.0,68.00750000000001,60.916666666666664,1023.5833333333334,6.171543408360129,0.0
2025-12-25,81.0,69.0,68.68041666666666,62.041666666666664,1021.5666666666666,3.727198697068404,0.0
2025-12-26,81.0,64.0,69.40166666666667,60.708333333333336,1019.3375,2.9982142857142855,0.0
2025-12-27,81.0,63.0,69.45541666666666,59.958333333333336,1018.6666666666666,3.5835483870967737,0.0
2025-12-28,80.0,62.0,72.47166666666666,61.708333333333336,1018.775,2.5679611650485437,0.0
2025-12-29,82.0,63.0,73.37416666666667,62.583333333333336,1017.7375000000001,2.9758116883116883,0.0
2025-12-30,73.0,61.0,76.13833333333334,57.63333333333334,1016.4708333333333,7.638225806451612,0.0
2025-12-31,63.0,47.0,49.58833333333333,36.416666666666664,1019.7375000000001,7.071525423728813,0.0
2026-01-01,68.0,48.0,55.8124,41.0,1020.3958333333334,4.883814102564102,0.0
2026-01-02,71.0,50.0,63.9325,46.333333333333336,1018.0958333333333,1.4748376623376624,0.0
2026-01-03,77.0,51.0,63.66416666666667,49.583333333333336,1015.9375,3.065434083601286,0.0
2026-01-04,80.0,62.0,70.76291666666667,59.458333333333336,1015.1458333333334,5.421428571428572,0.0
2026-01-05,80.0,62.0,76.41458333333334,63.083333333333336,1017.5500000000001,4.166393442622951,0.0
2026-01-06,80.0,65.0,77.105,64.33333333333333,1018.1208333333334,4.236644951140065,0.0
2026-01-07,81.0,63.0,78.22708333333334,64.66666666666667,1018.0,3.1550324675324677,0.0
2026-01-08,82.0,65.0,79.54807692307692,66.87692307692308,1018.8333333333334,5.155833333333334,0.0
2026-01-09,81.0,71.0,71.88833333333334,65.79166666666667,1020.8416666666667,9.358480565371025,0.0
2026-01-10,81.0,72.0,72.65791666666667,65.875,1020.9458333333333,9.7671768707483,0.0
2026-01-11,84.0,68.0,76.11708333333333,66.875,1019.8874999999999,4.419607843137255,0.0
2026-01-12,76.0,65.0,87.25944444444445,66.5611111111111,1020.4499999999999,6.3125386996904025,3.95
2026-01-13,73.0,68.0,93.05020408163266,67.67755102040816,1019.4916666666667,5.0860119047619055,2.51
2026-01-14,79.0,67.0,90.62609756097561,67.60975609756098,1014.2916666666666,5.539634146341464,1.61
2026-01-15,71.6,58.0,74.72285714285714,58.521428571428565,1011.2416666666667,7.168585526315789,0.0
2026-01-16,68.0,45.0,57.15652173913043,40.52173913043478,1019.6913043478262,7.0495,0.0
2026-01-17,77.0,63.0,67.95583333333333,57.458333333333336,1020.1541666666667,5.549677419354839,0.0
2026-01-18,81.0,62.0,84.61714285714287,68.35714285714286,1016.0625,5.341935483870968,3.02
2026-01-19,67.0,47.0,68.594,46.16,1020.6750000000001,8.273190789473684,0.0
2026-01-20,74.0,56.0,62.47458333333333,49.583333333333336,1024.0791666666667,9.262372881355933,0.0
2026-01-21,71.0,68.0,63.74583333333334,56.041666666666664,1024.2749999999999,11.768333333333333,0.0
2026-01-22,76.0,67.0,93.58243902439024,68.56585365853658,1019.5958333333333,6.18218954248366,1.72
2026-01-23,82.0,68.0,84.07333333333334,68.70833333333333,1017.8916666666668,4.532792207792207,0.0
2026-01-24,82.0,70.0,80.81208333333333,68.75,1018.8083333333334,6.400505050505051,0.0
2026-01-25,82.0,73.0,80.2816,70.08,1018.1750000000001,10.462668918918919,0.0
2026-01-26,86.0,73.0,88.14916666666666,72.26111111111112,1017.2083333333334,7.878412698412697,0.0
2026-01-27,74.0,50.0,61.95076923076923,45.65384615384615,1024.2958333333333,11.302640264026403,0.0
2026-01-28,63.0,50.0,64.85833333333333,44.416666666666664,1023.2583333333333,7.605681818181819,0.0
2026-01-29,72.0,51.0,45.74625,39.375,1021.7458333333334,7.808870967741935,0.0
2026-01-30,68.0,61.0,70.66833333333334,55.541666666666664,1018.2583333333333,3.4499999999999997,0.0
2026-01-31,66.0,56.0,81.3503448275862,54.55172413793103,1014.0208333333334,6.033860759493671,0.09
2026-02-01,56.0,35.0,53.3784,28.56,1022.0375,12.276792452830188,0.0
2026-02-02,57.0,39.0,50.09791666666666,26.833333333333332,1027.2541666666666,8.023692810457517,0.0
2026-02-03,69.0,44.0,43.66041666666666,32.375,1026.9666666666667,5.974668874172185,0.0
2026-02-04,73.0,55.0,59.20041666666666,49.666666666666664,1022.9416666666666,4.812824675324675,0.0
2026-02-05,74.0,57.0,77.22964285714285,56.25,1016.2083333333334,5.230398671096345,0.86
2026-02-06,66.0,45.0,60.574999999999996,39.541666666666664,1018.8625000000001,8.105466237942123,0.0
2026-02-07,79.0,51.0,67.08291666666666,49.583333333333336,1017.9583333333334,7.864026402640264,0.0
2026-02-08,73.0,54.0,60.77583333333333,49.833333333333336,1022.1875,6.4300664451827245,0.0
2026-02-09,74.0,57.0,65.60958333333333,52.833333333333336,1024.1208333333334,4.021114864864865,0.0
2026-02-10,76.0,57.0,66.98875,54.375,1024.5958333333333,5.424166666666666,0.0
2026-02-11,77.0,59.0,71.46124999999999,58.375,1022.8041666666667,4.393000000000001,0.0
2026-02-12,81.0,59.0,74.00583333333333,58.958333333333336,1020.1958333333333,3.8978547854785477,0.0
2026-02-13,81.0,61.0,81.428125,60.6125,1018.6999999999999,5.684700315457413,0.0
2026-02-14,78.0,63.0,75.75833333333334,62.375,1019.5666666666666,5.253684210526315,0.0
2026-02-15,80.0,70.0,72.26208333333334,63.833333333333336,1017.2291666666666,11.855284552845529,0.0
2026-02-16,85.0,70.0,74.49958333333333,65.16666666666667,1014.1541666666667,8.05764119601329,0.0
2026-02-17,80.0,65.0,74.8268,62.84,1018.8708333333334,7.275429553264605,0.0
2026-02-18,79.0,69.0,72.14192307692308,63.80769230769231,1019.3625000000001,10.29390243902439,0.0
2026-02-19,81.0,65.0,78.38592592592593,66.07407407407408,1016.9375,5.878196721311475,0.0
2026-02-20,83.0,68.0,72.83083333333333,64.79166666666667,1016.0791666666668,5.0397058823529415,0.0
2026-02-21,83.0,67.0,75.19666666666667,65.54166666666667,1016.9416666666666,4.629379562043796,0.0
2026-02-22,88.0,65.0,75.60896551724137,63.827586206896555,1016.5500000000001,7.737074829931972,0.0
2026-02-23,73.0,50.0,43.63125,36.166666666666664,1019.1833333333334,11.217474048442906,0.0
2026-02-24,65.0,43.0,45.08208333333334,30.416666666666668,1023.1,6.435504885993486,0.0
2026-02-25,72.0,49.0,55.44541666666667,43.375,1021.9583333333334,4.253846153846154,0.0
2026-02-26,78.0,62.0,66.28625,58.25,1018.8416666666667,6.763286713286713,0.0
2026-02-27,82.0,70.0,83.0104,69.36,1016.3130434782609,7.703806228373702,0.0
2026-02-28,84.0,71.0,80.89148148148149,69.96296296296296,1014.6083333333332,6.175925925925926,0.0
2026-03-01,83.0,68.0,83.68766666666667,68.45333333333333,1016.8541666666666,4.359477124183006,1.01
2026-03-02,81.0,72.0,76.70862068965518,67.75862068965517,1019.775,10.010137457044673,0.0
2026-03-03,83.0,72.0,74.235,67.10714285714286,1020.8916666666668,10.363372093023257,3.15
2026-03-04,81.0,72.0,79.11896551724139,68.82068965517242,1021.3125,12.068587360594794,0.32999999999999996
2026-03-05,82.0,74.0,77.6514705882353,69.28823529411765,1020.6875,13.501489361702127,0.0
2026-03-06,84.0,75.0,74.27269230769231,69.26153846153846,1021.5541666666667,13.296134020618556,0.0
2026-03-07,82.0,74.0,73.74583333333334,68.45833333333333,1020.9499999999999,13.146192893401016,0.0
2026-03-08,84.0,74.0,72.74884615384616,68.3076923076923,1018.8666666666667,11.149794238683128,0.0
2026-03-09,84.0,73.0,75.68375,69.41666666666667,1020.0708333333333,8.338515901060072,0.0
2026-03-10,84.0,72.0,76.19833333333334,69.45833333333333,1021.2166666666667,8.312984496124031,0.0
2026-03-11,84.0,74.0,72.93074074074075,68.66666666666667,1020.3958333333334,10.523508771929825,0.0
2026-03-12,85.0,75.0,78.1051515151515,70.39393939393939,1017.0416666666666,8.203583061889251,0.27999999999999997
2026-03-13,79.0,73.0,86.026,71.14285714285714,1015.7041666666668,4.846955128205129,0.61
2026-03-14,85.0,71.0,84.04896551724138,70.37931034482759,1016.6875,5.753782894736842,4.48
2026-03-15,81.0,71.0,88.01974358974358,70.50769230769231,1016.6083333333332,6.394754098360656,4.55
2026-03-16,87.0,73.0,76.54142857142857,70.97857142857143,1013.4125,9.204020979020978,0.32
2026-03-17,80.0,60.0,84.02411764705883,62.18235294117647,1016.3333333333334,6.636006289308176,4.13
2026-03-18,69.0,56.0,89.06384615384614,58.22564102564103,1017.9166666666666,8.442769230769231,1.61
2026-03-19,77.0,62.0,78.12033333333333,59.986666666666665,1017.0166666666668,8.786000000000001,0.06
2026-03-20,76.0,61.0,73.94555555555556,59.13333333333333,1017.1374999999999,9.354084967320262,0.25
2026-03-21,79.0,62.0,65.14,57.166666666666664,1017.8666666666667,6.404440789473685,0.0
2026-03-22,80.0,60.0,66.23666666666666,58.583333333333336,1018.8333333333334,4.463815789473684,0.0
2026-03-23,81.0,64.0,60.91416666666667,57.666666666666664,1018.8625000000001,4.847231270358306,0.0
2026-03-24,85.0,64.0,58.74375,56.625,1018.4125,5.007213114754099,0.0
2026-03-25,81.0,65.0,64.06,60.166666666666664,1018.9458333333333,5.235526315789474,0.0
2026-03-26,83.0,68.0,64.09125,62.125,1019.4625,7.387878787878787,0.0
2026-03-27,82.0,72.0,72.55620689655173,66.51724137931035,1018.85,8.90611111111111,0.0
2026-03-28,84.0,68.0,71.17541666666666,65.5,1019.8208333333333,5.4944444444444445,0.0
2026-03-29,78.0,68.0,76.06500000000001,66.30666666666667,1022.1260869565218,10.236219081272084,3.94
2026-03-30,78.0,69.0,85.8354,68.116,1023.2666666666668,12.862605042016808,8.29
2026-03-31,81.0,71.6,73.14535714285715,65.75714285714285,1022.8666666666667,12.920849420849422,0.49
2026-04-01,79.0,71.0,70.08222222222223,64.52592592592593,1020.9791666666666,10.897619047619049,0.38
2026-04-02,82.0,71.6,77.02971428571429,68.21714285714286,1019.6833333333334,11.739583333333334,0.49
2026-04-03,83.0,75.0,71.02636363636363,68.45454545454545,1021.36,16.091901408450706,0.0
2026-04-04,82.0,72.0,69.9725,66.33333333333333,1020.9250000000001,12.933488372093022,0.0
2026-04-05,82.0,73.0,77.19269230769231,68.92307692307692,1018.5458333333332,12.218122270742358,2.33
2026-04-06,84.0,73.0,74.32541666666667,68.66666666666667,1015.2333333333332,9.396341463414634,0.0
2026-04-07,82.0,69.0,84.38046511627907,69.18139534883721,1011.6750000000001,6.990196078431373,6.19
2026-04-08,81.0,70.0,88.77425,69.045,1013.3083333333334,4.79696132596685,1.93
2026-04-09,78.8,71.0,84.88139534883722,69.13488372093023,1016.5304347826087,12.195348837209302,1.43
2026-04-10,80.0,72.0,67.3504,63.96,1019.8333333333334,13.294,0.0
2026-04-11,80.0,72.0,59.37625,59.666666666666664,1021.5666666666666,11.404166666666667,0.0
2026-04-12,80.0,71.0,58.21958333333333,59.416666666666664,1022.7041666666668,11.883333333333333,0.0
2026-04-13,81.0,73.0,56.17291666666667,59.041666666666664,1023.1999999999999,14.422916666666666,0.0
2026-04-14,81.0,72.0,57.15541666666667,60.041666666666664,1021.1541666666667,13.752083333333333,0.0
2026-04-15,80.0,72.0,54.421666666666674,57.875,1019.8583333333332,11.5,0.0
2026-04-16,81.0,73.0,56.47291666666666,59.98333333333333,1019.0583333333334,9.152083333333334,0.0
2026-04-17,84.0,73.0,77.6315625,69.5625,1016.8782608695652,5.31875,0.0
2026-04-18,85.0,74.0,74.7084,69.96,1015.6208333333334,8.832,0.0
2026-04-19,88.0,73.0,76.22607142857143,70.07857142857144,1015.8125,5.175,0.0
2026-04-20,86.0,71.0,71.14307692307692,67.76923076923077,1016.5500000000001,6.646530612244899,0.09
2026-04-21,80.0,73.0,63.585,61.69230769230769,1020.7875,13.222727272727273,0.0
2026-04-22,79.0,71.0,52.37416666666667,55.666666666666664,1021.0708333333333,13.241747572815536,0.0
2026-04-23,78.0,71.0,60.41708333333333,59.166666666666664,1017.7666666666668,9.711632653061224,0.0
2026-04-24,82.0,71.0,62.98458333333334,62.041666666666664,1013.875,8.48560606060606,0.0
2026-04-25,84.0,72.0,67.675,65.70833333333333,1011.8791666666666,7.243456375838927,0.0
2026-04-26,87.0,73.0,74.91066666666667,68.83333333333333,1011.8625000000001,6.319031141868512,6.83
2026-04-27,87.0,70.0,76.7384,68.64,1013.9916666666667,5.900503355704697,0.0
2026-04-28,85.0,74.0,68.00125,67.625,1017.375,7.751,0.0
2026-04-29,84.0,72.0,71.08708333333333,68.0,1015.7916666666666,6.3538461538461535,0.0
2026-04-30,87.0,74.0,68.90791666666667,68.54166666666667,1012.8541666666666,5.672818791946309,0.0
2026-05-01,87.0,72.0,69.87416666666667,68.5,1012.3874999999999,6.511486486486487,0.0
2026-05-02,94.0,77.0,65.89291666666666,69.58333333333333,1011.9916666666667,8.522777777777778,0.0
2026-05-03,84.0,71.6,82.14435897435898,71.24615384615385,1014.4541666666668,5.906172839506173,6.83
2026-05-04,81.0,71.0,85.43243243243244,71.38378378378378,1014.2708333333334,6.370926517571885,0.22
2026-05-05,88.0,74.0,75.32392857142858,70.65714285714286,1013.9833333333332,6.545016077170418,0.0
2026-05-06,88.0,76.0,71.53230769230768,70.73076923076923,1015.9958333333334,8.505369127516778,0.0
2026-05-07,91.0,74.0,65.48833333333333,68.91666666666667,1015.5208333333334,5.745936395759717,0.0
2026-05-08,92.0,72.0,65.50875,68.375,1014.3541666666666,6.163220338983051,0.0
2026-05-09,91.0,75.2,74.33846153846153,73.36923076923077,1013.6916666666666,7.454125412541254,0.0
2026-05-10,91.0,80.0,70.88000000000001,73.58333333333333,1015.3708333333334,6.959482758620689,0.0
2026-05-11,89.0,80.0,72.6464,74.32,1016.5666666666666,6.793971631205674,0.0
2026-05-12,91.0,80.0,71.08846153846154,73.34615384615384,1015.0916666666667,5.599828178694158,0.2
2026-05-13,94.0,77.0,74.82000000000001,73.08695652173913,1012.7260869565217,6.587102473498233,0.91
2026-05-14,94.0,74.0,70.25392857142857,70.80714285714285,1011.3125,7.631125827814569,0.48
2026-05-15,92.0,73.0,62.0725,66.875,1014.4791666666666,8.71982456140351,0.0
2026-05-16,88.0,74.0,65.67625,69.0,1017.9333333333334,5.732771535580524,0.0
2026-05-17,87.0,73.0,79.119375,72.8125,1018.4250000000001,9.737336244541485,4.85
2026-05-18,86.0,77.0,75.90777777777778,73.25925925925925,1019.2818181818183,11.626027397260273,0.0
2026-05-19,86.0,75.0,80.09378378378378,73.22702702702703,1019.1166666666667,10.924999999999999,9.76
2026-05-20,88.0,73.4,76.37724137931035,72.29655172413793,1017.5916666666667,10.111228813559322,0.76
2026-05-21,88.0,79.0,68.68208333333332,71.45833333333333,1016.4833333333332,11.271090047393365,0.0
2026-05-22,88.0,80.0,72.51038461538461,73.07692307692308,1016.3833333333333,11.533495145631068,0.0
2026-05-23,88.0,80.0,75.01166666666667,74.33333333333333,1017.6458333333334,11.60952380952381,0.0
2026-05-24,88.0,78.0,75.31833333333334,73.91666666666667,1018.35,10.554314720812181,3.74
2026-05-25,87.0,78.0,74.43407407407408,72.92592592592592,1017.7458333333334,12.528947368421052,2.2800000000000002
2026-05-26,87.0,78.0,74.54296296296296,73.71851851851852,1017.6,13.170754716981133,0.16
2026-05-27,88.0,79.0,75.12689655172413,74.59310344827585,1017.3000000000001,13.514429530201342,0.0
2026-05-28,85.0,75.0,85.08925,74.845,1016.1130434782608,7.745482866043615,7.4399999999999995
2026-05-29,91.0,75.0,79.508,74.608,1014.3136363636364,5.53943661971831,0.0
2026-05-30,87.0,78.0,78.09961538461538,73.8076923076923,1014.3541666666666,3.6651360544217684,0.82
2026-05-31,93.0,80.0,68.05541666666666,71.70833333333333,1015.3083333333334,2.5645000000000002,0.9400000000000001
2026-06-01,92.0,76.0,81.36387096774193,75.09677419354838,1015.3874999999999,5.034105960264901,12.26
2026-06-02,93.0,75.0,78.75214285714286,73.72857142857143,1014.8285714285715,6.388888888888889,2.52
2026-06-03,85.0,75.0,80.773,72.19333333333334,1016.4208333333332,4.068949044585987,0.65
2026-06-04,83.0,73.0,82.14709677419354,71.91612903225807,1017.5625,9.115129151291512,2.96
2026-06-05,84.0,76.0,65.08961538461539,66.92307692307692,1017.5625,9.942198581560284,0.0
2026-06-06,86.0,76.0,62.16041666666667,66.5,1016.5041666666666,9.885818181818182,0.0
2026-06-07,88.0,78.0,69.84875000000001,71.79166666666667,1015.3041666666667,10.49375,0.0
2026-06-08,90.0,80.0,72.88458333333334,74.20833333333333,1016.9166666666666,9.092057761732852,0.0
2026-06-09,88.0,79.0,73.51962962962963,73.96296296296296,1018.725,8.046006944444445,0.0
2026-06-10,87.0,81.0,72.5408,73.2,1017.0625,10.61309963099631,0.0
2026-06-11,88.0,79.0,68.73,71.625,1016.2125,6.191517857142857,0.0
2026-06-12,90.0,79.0,69.7525,72.58333333333333,1016.6,9.3938202247191,0.0
2026-06-13,90.0,78.0,69.65708333333333,72.20833333333333,1016.9208333333332,4.556972789115647,0.0
2026-06-14,93.0,78.0,71.19115384615385,73.42307692307692,1017.2791666666667,3.8148275862068965,0.0
2026-06-15,94.0,79.0,69.82916666666667,73.54166666666667,1016.8583333333332,5.2941071428571425,0.0
2026-06-16,94.0,79.0,68.52,73.51851851851852,1016.0791666666668,7.479020979020979,0.0
2026-06-17,93.0,80.0,68.17214285714286,74.22142857142856,1016.4416666666666,7.073883161512027,0.0
2026-06-18,92.0,82.0,71.4825,75.95833333333333,1017.5041666666666,7.593965517241379,0.0
2026-06-19,92.0,83.0,71.37666666666667,76.20833333333333,1017.6083333333332,7.643140794223827,0.0
2026-06-20,93.0,77.0,71.3692,73.96,1016.9041666666667,5.383559322033898,0.01
2026-06-21,94.0,75.0,78.37827586206896,73.6896551724138,1016.4125,4.929666666666667,4.34
2026-06-22,93.0,83.0,69.37166666666667,74.95833333333333,1018.8916666666668,4.741780821917808,0.0
2026-06-23,90.0,82.0,74.36806451612902,76.12258064516129,1020.0749999999999,3.589171974522293,0.33
2026-06-24,92.0,77.0,70.06333333333333,73.94074074074075,1018.475,3.686993243243243,0.0
2026-06-25,91.0,76.0,71.69458333333334,72.75,1017.9333333333334,5.824319727891156,0.0
2026-06-26,91.0,80.0,70.63925925925926,74.71851851851852,1019.775,7.004545454545455,1.24
2026-06-27,91.0,79.0,74.19740740740741,75.5925925925926,1019.75,7.01734693877551,1.0
2026-06-28,92.0,82.0,68.64291666666666,73.95833333333333,1018.0166666666668,6.306181818181819,0.0
2026-06-29,93.0,83.0,67.49791666666667,74.54166666666667,1017.4375,8.444719471947195,0.0
2026-06-30,93.0,79.0,69.01653846153846,74.46153846153847,1016.4083333333333,5.030322580645161,0.0
2026-07-01,92.0,78.0,72.61192307692308,74.03846153846153,1015.1708333333332,3.5259075907590756,1.31
2026-07-02,92.0,79.0,78.75032258064515,76.1032258064516,1015.5749999999999,2.99741935483871,0.5900000000000001
2026-07-03,91.0,79.0,77.73233333333334,76.13333333333334,1017.1833333333334,2.9892628205128204,0.6
2026-07-04,91.0,80.0,72.70375,75.15,1017.3249999999999,3.5928343949044588,0.5
2026-07-05,94.0,77.0,74.99037037037037,75.07407407407408,1016.9958333333334,2.981891025641026,1.23
2026-07-06,91.0,77.0,80.36923076923077,76.23076923076923,1017.6875,4.639779874213836,1.89
2026-07-07,92.0,78.0,77.71,76.36,1018.8916666666668,4.870819112627987,0.0
2026-07-08,92.0,84.0,70.01827586206896,76.27586206896552,1019.6958333333333,8.069557823129252,0.0
2026-07-09,91.0,83.0,66.65375,74.58333333333333,1019.4,9.73076923076923,0.0
2026-07-10,92.0,84.0,67.99461538461539,75.84615384615384,1019.2916666666666,11.056626506024095,0.0
2026-07-11,90.0,73.0,81.24243243243242,73.3945945945946,1020.3708333333334,7.279611650485437,12.61
2026-07-12,94.0,84.0,69.88958333333333,75.875,1020.4333333333334,6.926744186046511,0.0
2026-07-13,92.0,82.0,66.32875,74.08333333333333,1020.1875,7.282084690553746,0.0
2026-07-14,94.0,79.0,61.02875,71.0,1019.7125,7.779865771812081,0.0
2026-07-15,93.2,81.0,62.12423076923077,71.98461538461538,1019.4499999999999,6.588071895424837,0.0
2026-07-16,96.8,81.0,64.92807692307693,73.67692307692307,1018.775,4.2687702265372165,0.0
2026-07-17,92.0,77.0,70.60076923076923,74.07692307692308,1018.6458333333334,6.107432432432432,3.9
2026-07-18,91.0,80.0,75.32692307692308,75.34615384615384,1017.7958333333332,5.538461538461538,1.55
2026-07-19,91.0,83.0,69.37357142857142,75.28571428571429,1015.7458333333334,9.33831615120275,0.0
2026-07-20,93.0,83.0,72.26958333333333,76.66666666666667,1015.4916666666667,9.204136690647482,0.0
2026-07-21,91.0,82.0,71.87423076923076,75.6076923076923,1016.1291666666666,9.310066006600659,0.2
2026-07-22,92.0,83.0,68.79125,74.875,1015.9916666666667,9.204227941176471,0.0
2026-07-23,92.0,83.0,69.06428571428572,74.93571428571428,1016.7375000000001,9.561797752808989,0.0
2026-07-24,92.0,82.0,68.18321428571429,74.89285714285714,1017.1083333333332,7.6993442622950825,0.0
2026-07-25,92.0,82.0,73.31366666666666,76.13333333333334,1018.2041666666668,5.359223300970874,1.33
2026-07-26,94.0,79.0,75.97319999999999,75.76,1016.5916666666667,5.0147540983606556,0.03
2026-07-27,90.0,75.0,79.80272727272727,74.04242424242425,1014.0958333333333,4.717571884984025,21.76
2026-07-28,89.0,77.0,81.95555555555556,75.62962962962963,1012.625,4.826229508196722,1.27
2026-07-29,94.0,80.0,71.3,74.92592592592592,1013.8958333333334,7.784013605442177,0.19
2026-07-30,96.0,81.0,67.50653846153847,73.88461538461539,1015.9875000000001,8.049999999999999,0.0
2026-07-31,96.0,81.0,67.84037037037037,74.5925925925926,1017.4333333333334,6.022166666666667,0.0
2026-08-01,93.0,74.0,77.37033333333333,74.32666666666667,1015.9291666666667,5.44778156996587,3.65
2026-08-02,90.0,78.0,80.16615384615385,75.61538461538461,1014.7791666666667,3.0233870967741936,1.04
2026-08-03,91.0,74.0,81.62535714285714,74.89285714285714,1014.8666666666667,4.673076923076923,7.51
2026-08-04,90.0,77.0,77.10678571428572,74.32142857142857,1016.2624999999999,3.6702922077922078,0.0
2026-08-05,89.0,78.0,77.94615384615385,74.76923076923077,1018.2583333333333,3.5744262295081968,0.09
2026-08-06,88.0,78.0,81.483,75.97,1018.5500000000001,6.223529411764706,4.09
2026-08-07,90.0,79.0,78.20576923076922,76.76923076923077,1017.5375,5.507266435986159,0.0
2026-08-08,91.0,82.0,74.44206896551725,77.17241379310344,1017.8333333333334,8.925255972696245,0.0
2026-08-09,92.0,84.0,68.99291666666666,75.54166666666667,1018.3583333333332,10.251556420233463,0.0
